13557;2007-02-13;262.73
13566;2007-02-22;262.99
13570;2007-02-26;263.37
13572;2007-02-28;263.28
13577;2007-03-05;263.45
13580;2007-03-08;264.25
13581;2007-03-09;265.15
13584;2007-03-12;261.01
13586;2007-03-14;264.26
13588;2007-03-16;264.45
13592;2007-03-20;263.63
13594;2007-03-22;264.1
13595;2007-03-23;263.98
13602;2007-03-30;264.39
13605;2007-04-02;264.42
13606;2007-04-03;264.44
13607;2007-04-04;264.71
13608;2007-04-05;264.98
13614;2007-04-11;264.86
13615;2007-04-12;264.87
13616;2007-04-13;264.95
13623;2007-04-20;263.75
13628;2007-04-25;264.53
13630;2007-04-27;264.94
13633;2007-04-30;264.89
13636;2007-05-03;265.35
13643;2007-05-10;265.99
13647;2007-05-14;265.84
13648;2007-05-15;265.52
13654;2007-05-21;265.82
13655;2007-05-22;265.74
13656;2007-05-23;265.61
13658;2007-05-25;265.39
13662;2007-05-29;265.44
13663;2007-05-30;264.97
13664;2007-05-31;265.38
13669;2007-06-05;265.46
13670;2007-06-06;265.34
13671;2007-06-07;265.42
13672;2007-06-08;265.66
13675;2007-06-11;265.66
13676;2007-06-12;265.63
13677;2007-06-13;265.56
13678;2007-06-14;266.1
13679;2007-06-15;265.99
13682;2007-06-18;266.54
13683;2007-06-19;266.61
13685;2007-06-21;266.61
13686;2007-06-22;266.5
13689;2007-06-25;266.6
13690;2007-06-26;266.53
13691;2007-06-27;266.53
13692;2007-06-28;266.74
13693;2007-06-29;267.01
13696;2007-07-02;267.19
13699;2007-07-05;267.07
13700;2007-07-06;267.33
13703;2007-07-09;268.3
13704;2007-07-10;268.29
13705;2007-07-11;268.12
13706;2007-07-12;268.34
13707;2007-07-13;268.63
13710;2007-07-16;268.31
13711;2007-07-17;268.11
13712;2007-07-18;268.07
13713;2007-07-19;268.16
13714;2007-07-20;268.32999
13717;2007-07-23;268.57
13718;2007-07-24;268.4
13719;2007-07-25;267.74
13720;2007-07-26;267.48
13721;2007-07-27;267.03
13724;2007-07-30;266.81
13725;2007-07-31;267.36
13726;2007-08-01;266.35
13727;2007-08-02;265.86
13728;2007-08-03;264.97
13731;2007-08-06;264.27
13732;2007-08-07;264.69
13733;2007-08-08;265.72
13734;2007-08-09;264.99
13735;2007-08-10;264.12
13738;2007-08-13;264.37
13739;2007-08-14;263.77
13741;2007-08-16;260.99
13742;2007-08-17;261.69
13745;2007-08-20;262.27
13746;2007-08-21;262.09
13747;2007-08-22;263.83
13748;2007-08-23;264.28
13749;2007-08-24;264.73
13752;2007-08-27;264.81
13753;2007-08-28;263.68
13754;2007-08-29;263.68
13755;2007-08-30;263.91
13756;2007-08-31;264.78
13759;2007-09-03;264.96
13760;2007-09-04;264.53
13761;2007-09-05;264.36
13762;2007-09-06;264.27
13763;2007-09-07;263.62
13767;2007-09-11;263.29
13768;2007-09-12;262.84
13769;2007-09-13;262.65
13770;2007-09-14;261.91
13773;2007-09-17;260.35
13774;2007-09-18;260.58
13775;2007-09-19;261.59
13776;2007-09-20;260.7
13777;2007-09-21;260.85999
13780;2007-09-24;260.83
13781;2007-09-25;259.74
13782;2007-09-26;259.75
13783;2007-09-27;260.19
13784;2007-09-28;260.60999
13787;2007-10-01;261.28
13788;2007-10-02;261.78
13789;2007-10-03;262.23
13790;2007-10-04;263.33
13791;2007-10-05;263.54001
13794;2007-10-08;264.34
13795;2007-10-09;263.9
13796;2007-10-10;263.74
13797;2007-10-11;263.71
13798;2007-10-12;263.31
13801;2007-10-15;264.15
13802;2007-10-16;264.15
13803;2007-10-17;264.09
13804;2007-10-18;263.4
13805;2007-10-19;262.76999
13808;2007-10-22;261.65
13809;2007-10-23;261.36
13810;2007-10-24;261.12
13811;2007-10-25;261.69
13812;2007-10-26;262.10001
13815;2007-10-29;262.44
13816;2007-10-30;261.63
13817;2007-10-31;261.92
13819;2007-11-02;259.59
13822;2007-11-05;258.99
13823;2007-11-06;258.81
13824;2007-11-07;258.93
13825;2007-11-08;258.17
13826;2007-11-09;258.12
13829;2007-11-12;258.62
13830;2007-11-13;258.98
13831;2007-11-14;259.53
13832;2007-11-15;258.68
13833;2007-11-16;258.20001
13836;2007-11-19;256.26
13837;2007-11-20;255.04
13838;2007-11-21;253.57
13839;2007-11-22;254.3
13840;2007-11-23;256.55
13843;2007-11-26;256.41
13844;2007-11-27;256.05
13845;2007-11-28;256.96
13846;2007-11-29;258.14
13847;2007-11-30;259.86
13850;2007-12-03;258.47
13851;2007-12-04;256.78
13852;2007-12-05;256.99
13853;2007-12-06;257.81
13854;2007-12-07;258.12
13857;2007-12-10;258.97
13858;2007-12-11;259.75
13859;2007-12-12;258.72
13860;2007-12-13;256.91
13861;2007-12-14;257.41
13864;2007-12-17;255.78
13865;2007-12-18;255.3
13866;2007-12-19;255.25
13867;2007-12-20;255.01
13868;2007-12-21;256.21
13871;2007-12-24;256.92
13874;2007-12-27;256.51
13875;2007-12-28;256.71
13878;2007-12-31;257.1
13880;2008-01-02;256.83
13881;2008-01-03;256.45
13882;2008-01-04;255.07
13885;2008-01-07;253.7
13886;2008-01-08;253.75
13887;2008-01-09;252.4
13888;2008-01-10;251.62
13892;2008-01-14;251.42
13893;2008-01-15;247.55
13894;2008-01-16;248.76
13895;2008-01-17;248.27
13896;2008-01-18;247.86
13899;2008-01-21;247.07
13900;2008-01-22;252.25
13901;2008-01-23;250.06
13902;2008-01-24;254.24
13903;2008-01-25;253.52
13906;2008-01-28;253.83
13907;2008-01-29;255.29
13908;2008-01-30;254.56
13909;2008-01-31;253.8
13910;2008-02-01;257.27
13913;2008-02-04;258.77
13914;2008-02-05;256.41
13915;2008-02-06;255.54
13916;2008-02-07;253.92
13917;2008-02-08;253.31
13920;2008-02-11;252.05
13921;2008-02-12;254.21
13922;2008-02-13;254.79
13923;2008-02-14;255.11
13924;2008-02-15;254.1
13927;2008-02-18;255.36
13928;2008-02-19;256.94
13929;2008-02-20;255.52
13930;2008-02-21;255.95
13931;2008-02-22;255.58
13934;2008-02-25;257.6
13935;2008-02-26;258.64
13936;2008-02-27;259.3
13937;2008-02-28;257.95
13938;2008-02-29;255.79
13941;2008-03-03;254.08
13942;2008-03-04;253.38
13943;2008-03-05;255.16
13944;2008-03-06;252.9
13945;2008-03-07;252.41
13948;2008-03-10;253.06
13949;2008-03-11;253.25
13950;2008-03-12;253.65
13951;2008-03-13;251.51
13952;2008-03-14;250.41
13955;2008-03-17;248.16
13956;2008-03-18;249.76
13958;2008-03-20;252.08
13963;2008-03-25;255.36
13964;2008-03-26;254.86
13965;2008-03-27;255.81
13966;2008-03-28;256.23999
13969;2008-03-31;256.81
13970;2008-04-01;260.65
13971;2008-04-02;261.92
13972;2008-04-03;260.4
13973;2008-04-04;259.67999
13976;2008-04-07;260.47
13978;2008-04-09;260.31
13979;2008-04-10;259.23
13980;2008-04-11;258.64
13983;2008-04-14;257.52
13984;2008-04-15;257.05
13985;2008-04-16;257.74
13987;2008-04-18;260.73
13990;2008-04-21;258.79
13991;2008-04-22;257.56
13992;2008-04-23;258.16
13993;2008-04-24;258.15
13994;2008-04-25;259.95
13997;2008-04-28;260.41
13998;2008-04-29;260.71
14001;2008-05-02;262.35001
14004;2008-05-05;262.58
14005;2008-05-06;262.13
14006;2008-05-07;262.27
14008;2008-05-09;260.92
14012;2008-05-13;260.37
14013;2008-05-14;260.64
14015;2008-05-16;262.60001
14018;2008-05-19;263.32
14019;2008-05-20;262.78
14020;2008-05-21;261.75
14021;2008-05-22;262.04
14022;2008-05-23;262.47
14025;2008-05-26;262.35
14026;2008-05-27;261.53
14027;2008-05-28;261.72
14028;2008-05-29;261.56
14029;2008-05-30;261.34
14032;2008-06-02;261.08
14033;2008-06-03;261.63
14034;2008-06-04;260.61
14035;2008-06-05;260.31
14036;2008-06-06;259.09
14039;2008-06-09;257.21
14040;2008-06-10;257.5
14041;2008-06-11;256.08
14042;2008-06-12;255.96
14043;2008-06-13;255.58
14046;2008-06-16;255.59
14047;2008-06-17;255.14
14048;2008-06-18;252.61
14049;2008-06-19;250.72
14050;2008-06-20;249.44
14053;2008-06-23;248.52
14054;2008-06-24;247.81
14055;2008-06-25;250.03
14056;2008-06-26;246.35
14057;2008-06-27;245.56
14060;2008-06-30;245.65
14061;2008-07-01;243.09
14063;2008-07-03;244.15
14064;2008-07-04;242.48
14067;2008-07-07;243.31
14068;2008-07-08;242.29
14069;2008-07-09;243.75
14070;2008-07-10;240.12
14071;2008-07-11;236.47
14075;2008-07-15;234.29
14076;2008-07-16;234.24
14077;2008-07-17;239.47
14078;2008-07-18;243.04
14081;2008-07-21;243.88
14082;2008-07-22;243.27
14083;2008-07-23;244.99
14084;2008-07-24;244.43
14085;2008-07-25;244.78999
14088;2008-07-28;244.17
14089;2008-07-29;242.52
14090;2008-07-30;244.52
14091;2008-07-31;244.83
14092;2008-08-01;243.48
14095;2008-08-04;243.32
14096;2008-08-05;245.87
14097;2008-08-06;248.11
14099;2008-08-08;249.12
14102;2008-08-11;252.17
14103;2008-08-12;253.34
14104;2008-08-13;251.25
14105;2008-08-14;251.7
14110;2008-08-19;250.37
14111;2008-08-20;249.97
14112;2008-08-21;248.2
14113;2008-08-22;249.6
14116;2008-08-25;249.52
14117;2008-08-26;248.84
14118;2008-08-27;249.18
14119;2008-08-28;249.79
14120;2008-08-29;250.24001
14123;2008-09-01;249.94
14124;2008-09-02;251.7
14125;2008-09-03;250.95
14126;2008-09-04;249.42
14127;2008-09-05;247.34
14130;2008-09-08;248.97
14131;2008-09-09;247.74
14132;2008-09-10;247.49
14133;2008-09-11;246.79
14134;2008-09-12;248.41
14137;2008-09-15;245.43
14138;2008-09-16;242.03
14139;2008-09-17;239.58
14140;2008-09-18;234.37
14141;2008-09-19;242.47
14144;2008-09-22;242.11
14145;2008-09-23;240.14
14146;2008-09-24;239.42
14148;2008-09-26;239.01
14151;2008-09-29;232.11
14152;2008-09-30;233.94
14153;2008-10-01;232.65
14154;2008-10-02;230.91
14155;2008-10-03;231.15
14158;2008-10-06;222.06
14159;2008-10-07;221.82
14160;2008-10-08;211.69
14161;2008-10-09;209.33
14162;2008-10-10;199.46
14165;2008-10-13;217.44
14166;2008-10-14;224.68
14167;2008-10-15;210.73
14168;2008-10-16;200.21
14169;2008-10-17;209.58
14172;2008-10-20;217.65
14173;2008-10-21;219.58
14174;2008-10-22;213.11
14175;2008-10-23;211.91
14176;2008-10-24;205.92
14179;2008-10-27;195.93
14180;2008-10-28;193.49
14181;2008-10-29;210.83
14182;2008-10-30;212.81
14183;2008-10-31;216.26
14186;2008-11-03;219.41
14187;2008-11-04;226.37
14188;2008-11-05;223.17
14189;2008-11-06;215.92
14190;2008-11-07;219.55
14193;2008-11-10;222.21
14195;2008-11-12;212.19
14196;2008-11-13;213.68
14197;2008-11-14;214.8
14200;2008-11-17;211.82
14201;2008-11-18;213.25
14202;2008-11-19;208.6
14203;2008-11-20;203.39
14204;2008-11-21;200.72
14207;2008-11-24;211.61
14208;2008-11-25;212.27
14209;2008-11-26;212.01
14210;2008-11-27;215.24
14211;2008-11-28;213.97
14214;2008-12-01;210.03
14215;2008-12-02;211.18
14216;2008-12-03;210.07
14217;2008-12-04;210.43
14218;2008-12-05;205.59
14222;2008-12-09;213.8
14223;2008-12-10;215.39
14224;2008-12-11;216.17
14225;2008-12-12;209.55
14228;2008-12-15;209.02
14229;2008-12-16;210.55
14235;2008-12-22;212.63
14236;2008-12-23;212.22
14237;2008-12-24;211.83
14242;2008-12-29;212.38
14243;2008-12-30;215.07
14244;2008-12-31;215.25
14246;2009-01-02;219.14
14249;2009-01-05;219.55
14250;2009-01-06;221.07
14251;2009-01-07;219.62
14252;2009-01-08;218.64
14253;2009-01-09;218.98
14256;2009-01-12;218.15
14257;2009-01-13;218.39
14258;2009-01-14;217.35
14259;2009-01-15;215.72
14260;2009-01-16;215.82
14263;2009-01-19;215.18
14264;2009-01-20;214.62
14265;2009-01-21;214.54
14266;2009-01-22;213.27
14267;2009-01-23;213.69
14270;2009-01-26;215.07
14271;2009-01-27;214.36
14272;2009-01-28;217.5
14273;2009-01-29;216.48
14274;2009-01-30;214.58
14277;2009-02-02;214.79
14278;2009-02-03;215.64
14280;2009-02-05;219.06
14281;2009-02-06;220.57
14284;2009-02-09;220.53
14287;2009-02-12;216.1
14291;2009-02-16;215.37
14292;2009-02-17;212.67
14293;2009-02-18;213.01
14294;2009-02-19;212.04
14295;2009-02-20;209.02
14298;2009-02-23;208.01
14299;2009-02-24;206.86
14300;2009-02-25;205.95
14301;2009-02-26;206.89
14302;2009-02-27;205.96
14305;2009-03-02;204.48
14306;2009-03-03;204.94
14307;2009-03-04;205.21
14308;2009-03-05;201.55
14309;2009-03-06;202
14312;2009-03-09;201.79
14313;2009-03-10;204.51
14314;2009-03-11;204.52
14315;2009-03-12;204.77
14316;2009-03-13;203.96
14319;2009-03-16;205.62
14320;2009-03-17;205.22
14321;2009-03-18;204.58
14322;2009-03-19;204.72
14323;2009-03-20;205.58
14326;2009-03-23;207.99
14327;2009-03-24;208.87
14328;2009-03-25;210.08
14329;2009-03-26;210.59
14330;2009-03-27;210.05
14333;2009-03-30;209.2
14334;2009-03-31;209.76
14335;2009-04-01;210.57
14336;2009-04-02;213.51
14337;2009-04-03;213.94
14340;2009-04-06;213.52
14341;2009-04-07;213.57
14342;2009-04-08;214.32
14343;2009-04-09;215.48
14348;2009-04-14;215.13
14349;2009-04-15;214.78
14350;2009-04-16;215.5
14351;2009-04-17;216.59
14354;2009-04-20;214.6
14355;2009-04-21;213.51
14356;2009-04-22;214.31
14357;2009-04-23;214.78
14358;2009-04-24;216.93
14361;2009-04-27;216.9
14362;2009-04-28;216.74
14363;2009-04-29;215.22
14364;2009-04-30;217.94
14368;2009-05-04;220.11
14369;2009-05-05;220.01
14370;2009-05-06;221.04
14371;2009-05-07;222.46
14375;2009-05-11;223.26
14376;2009-05-12;224.09
14377;2009-05-13;223.91
14378;2009-05-14;223.81
14379;2009-05-15;223.17
14382;2009-05-18;223.68
14383;2009-05-19;223.82
14384;2009-05-20;225.72
14386;2009-05-22;224.43
14389;2009-05-25;225.23
14390;2009-05-26;225.66
14391;2009-05-27;225.44
14392;2009-05-28;225.55
14393;2009-05-29;225.46
14397;2009-06-02;227.76
14398;2009-06-03;226.56
14399;2009-06-04;226.1
14400;2009-06-05;226.7
14403;2009-06-08;226.1
14404;2009-06-09;225.48
14405;2009-06-10;226.08
14406;2009-06-11;226.34
14407;2009-06-12;226.47
14410;2009-06-15;224.66
14411;2009-06-16;224.35
14412;2009-06-17;224.38
14413;2009-06-18;225.35
14414;2009-06-19;225.78
14417;2009-06-22;224.54
14418;2009-06-23;224.65
14419;2009-06-24;224.73
14420;2009-06-25;225.17
14421;2009-06-26;223.73
14424;2009-06-29;224.8
14425;2009-06-30;224.13
14426;2009-07-01;225.59
14427;2009-07-02;223.11
14428;2009-07-03;222.5
14431;2009-07-06;221.59
14432;2009-07-07;219.75
14433;2009-07-08;219.25
14434;2009-07-09;219.31
14435;2009-07-10;217.76
14438;2009-07-13;219.21
14440;2009-07-15;220.16
14441;2009-07-16;221.19
14442;2009-07-17;221.41
14445;2009-07-20;222.71
14447;2009-07-22;223.65
14448;2009-07-23;224.97
14449;2009-07-24;224.82
14452;2009-07-27;225.62
14453;2009-07-28;225.49
14454;2009-07-29;225.7
14455;2009-07-30;227.33
14456;2009-07-31;227.12
14459;2009-08-03;227.55
14460;2009-08-04;228.05
14461;2009-08-05;227.47
14462;2009-08-06;227.76
14463;2009-08-07;228.74
14466;2009-08-10;228.97
14467;2009-08-11;228.61
14468;2009-08-12;229.3
14469;2009-08-13;228.46
14470;2009-08-14;229.14
14473;2009-08-17;228.14
14474;2009-08-18;228.03
14475;2009-08-19;228.22
14476;2009-08-20;228.52
14477;2009-08-21;230.31
14480;2009-08-24;231.69
14481;2009-08-25;233.53
14482;2009-08-26;233.63
14483;2009-08-27;233.32
14484;2009-08-28;235.46
14487;2009-08-31;234.65
14488;2009-09-01;234.17
14489;2009-09-02;234.01
14490;2009-09-03;234.32
14491;2009-09-04;235.22
14494;2009-09-07;235.66
14495;2009-09-08;236.45
14496;2009-09-09;236.83
14497;2009-09-10;236.42
14498;2009-09-11;237.22
14501;2009-09-14;237.81
14502;2009-09-15;238.24
14503;2009-09-16;238.36
14504;2009-09-17;237.98
14505;2009-09-18;238.73
14508;2009-09-21;238.96
14509;2009-09-22;239.55
14510;2009-09-23;239.54
14511;2009-09-24;238.76
14512;2009-09-25;239.44
14515;2009-09-28;240.28
14516;2009-09-29;239.75
14517;2009-09-30;239.23
14518;2009-10-01;237.15
14519;2009-10-02;236.66
14522;2009-10-05;236.38
14523;2009-10-06;237.65
14524;2009-10-07;238.23
14525;2009-10-08;239.23
14526;2009-10-09;238.61
14529;2009-10-12;239.34
14530;2009-10-13;238.55
14531;2009-10-14;238.45
14532;2009-10-15;238.21
14533;2009-10-16;236.89
14536;2009-10-19;237.44
14537;2009-10-20;237.39
14538;2009-10-21;238.21
14539;2009-10-22;237.47
14540;2009-10-23;236.99
14543;2009-10-26;236.05
14544;2009-10-27;236.19
14545;2009-10-28;236.03
14546;2009-10-29;235.82
14547;2009-10-30;233.92
14550;2009-11-02;234.81
14551;2009-11-03;233.26
14552;2009-11-04;233.99
14553;2009-11-05;235.17
14554;2009-11-06;235.33
14557;2009-11-09;235.75
14558;2009-11-10;235.79
14560;2009-11-12;235.51
14561;2009-11-13;235
14564;2009-11-16;234.94
14565;2009-11-17;235.12
14566;2009-11-18;234.95
14567;2009-11-19;233.87
14568;2009-11-20;233.41
14571;2009-11-23;234.05
14572;2009-11-24;233.72
14573;2009-11-25;234.45
14574;2009-11-26;233.31
14575;2009-11-27;233.52
14578;2009-11-30;232.55
14579;2009-12-01;234.24
14580;2009-12-02;234.31
14581;2009-12-03;234.6
14582;2009-12-04;234.79
14585;2009-12-07;233.82
14586;2009-12-08;232.64
14587;2009-12-09;231.03
14588;2009-12-10;232.39
14589;2009-12-11;231.88
14592;2009-12-14;232.74
14593;2009-12-15;233.14
14594;2009-12-16;233.97
14595;2009-12-17;233.89
14596;2009-12-18;233.9
14599;2009-12-21;234.44
14600;2009-12-22;235.78
14601;2009-12-23;235.98
14602;2009-12-24;235.89
14606;2009-12-28;236.56
14607;2009-12-29;237.26
14608;2009-12-30;237.03
14609;2009-12-31;237
14613;2010-01-04;237.35
14614;2010-01-05;238.25
14615;2010-01-06;238.04
14616;2010-01-07;238.42
14617;2010-01-08;239.4
14620;2010-01-11;239.88
14621;2010-01-12;238.57
14622;2010-01-13;238.17
14623;2010-01-14;239.02
14624;2010-01-15;238.06
14627;2010-01-18;237.21
14628;2010-01-19;237.6
14629;2010-01-20;237.35
14630;2010-01-21;236.72
14631;2010-01-22;236.11
14634;2010-01-25;235.32
14635;2010-01-26;235.61
14636;2010-01-27;233.94
14637;2010-01-28;231.79
14638;2010-01-29;232.86
14641;2010-02-01;233.17
14642;2010-02-02;234.24
14643;2010-02-03;234.02
14644;2010-02-04;230.98
14645;2010-02-05;227.66
14648;2010-02-08;228.07
14649;2010-02-09;228.01
14650;2010-02-10;228.9
14651;2010-02-11;227.84
14652;2010-02-12;227.8
14655;2010-02-15;228.49
14656;2010-02-16;230.39
14657;2010-02-17;232.4
14658;2010-02-18;233.32
14659;2010-02-19;234.53
14662;2010-02-22;233.64
14665;2010-02-25;229.51
14666;2010-02-26;232.22
14669;2010-03-01;234.49
14670;2010-03-02;236.39
14671;2010-03-03;237.71
14672;2010-03-04;238.04
14673;2010-03-05;240.81
14676;2010-03-08;240.88
14677;2010-03-09;241.08
14678;2010-03-10;242.65
14679;2010-03-11;242.58
14680;2010-03-12;241.75
14683;2010-03-15;241.01
14684;2010-03-16;241.75
14685;2010-03-17;241.86
14686;2010-03-18;240.71
14687;2010-03-19;240.25
14690;2010-03-22;239.48
14691;2010-03-23;240.54
14692;2010-03-24;240.3
14693;2010-03-25;241.48
14694;2010-03-26;241.16
14697;2010-03-29;241.5
14698;2010-03-30;241.19
14699;2010-03-31;239.67
14700;2010-04-01;239.69
14701;2010-04-02;239.69
14705;2010-04-06;239.92
14706;2010-04-07;239.9
14707;2010-04-08;238.7
14708;2010-04-09;240.74
14711;2010-04-12;241.44
14712;2010-04-13;240.89
14713;2010-04-14;241.74
14714;2010-04-15;241.82
14715;2010-04-16;241
14718;2010-04-19;239.99
14719;2010-04-20;241.66
14720;2010-04-21;240.94
14721;2010-04-22;239.2
14722;2010-04-23;239.69
14725;2010-04-26;239.69
14726;2010-04-27;236.3
14727;2010-04-28;235.15
14728;2010-04-29;236.54
14729;2010-04-30;236.72
14732;2010-05-03;236.76
14733;2010-05-04;234.19
14734;2010-05-05;233.02
14735;2010-05-06;230.94
14736;2010-05-07;227.06
14739;2010-05-10;236.02
14740;2010-05-11;234.82
14741;2010-05-12;235.9
14743;2010-05-14;231.87
14746;2010-05-17;230.92
14747;2010-05-18;232.64
14748;2010-05-19;230.6
14749;2010-05-20;228.22
14750;2010-05-21;227.49001
14754;2010-05-25;223.42
14755;2010-05-26;226.27
14756;2010-05-27;230.78
14757;2010-05-28;230.62
14760;2010-05-31;230.69
14761;2010-06-01;229.32
14762;2010-06-02;229.38
14763;2010-06-03;231.55
14764;2010-06-04;229.19
14767;2010-06-07;228.55
14768;2010-06-08;226.96
14769;2010-06-09;228.14
14770;2010-06-10;230.85
14774;2010-06-14;234.97
14775;2010-06-15;236.4
14776;2010-06-16;236.77
14777;2010-06-17;236.9
14778;2010-06-18;236.01
14781;2010-06-21;237.08
14782;2010-06-22;236.63
14783;2010-06-23;234.55
14784;2010-06-24;232.85
14785;2010-06-25;231.33
14788;2010-06-28;232.95
14789;2010-06-29;228.77
14790;2010-06-30;228.17
14791;2010-07-01;225.48
14792;2010-07-02;226.18
14795;2010-07-05;225.85
14796;2010-07-06;228.1
14797;2010-07-07;228.86
14798;2010-07-08;229.84
14799;2010-07-09;229.97
14802;2010-07-12;230.8
14803;2010-07-13;232.31
14805;2010-07-15;232.07
14806;2010-07-16;230.19
14809;2010-07-19;229.62
14810;2010-07-20;229.39
14811;2010-07-21;229.92
14812;2010-07-22;232.01
14813;2010-07-23;231.85001
14816;2010-07-26;232.26
14817;2010-07-27;232.76
14818;2010-07-28;231.79
14819;2010-07-29;232.03
14820;2010-07-30;231.52
14823;2010-08-02;234.09
14824;2010-08-03;234.3
14825;2010-08-04;234.68
14826;2010-08-05;233.64
14827;2010-08-06;231.92
14830;2010-08-09;233.39
14831;2010-08-10;232.67
14832;2010-08-11;229.87
14833;2010-08-12;229.51
14834;2010-08-13;229.54
14837;2010-08-16;229.24
14838;2010-08-17;231.63
14839;2010-08-18;230.35
14840;2010-08-19;228.02
14841;2010-08-20;226.29
14844;2010-08-23;227.17
14845;2010-08-24;223.86
14846;2010-08-25;222.68
14847;2010-08-26;223.06
14848;2010-08-27;224.7
14851;2010-08-30;224.39
14852;2010-08-31;225.23
14853;2010-09-01;228.89
14854;2010-09-02;229.48
14855;2010-09-03;231.48
14858;2010-09-06;232.47
14859;2010-09-07;230.89
14860;2010-09-08;232.04
14861;2010-09-09;232.61
14862;2010-09-10;232.87
14865;2010-09-13;234.37
14868;2010-09-16;232.84
14869;2010-09-17;231.4
14872;2010-09-20;233.68
14873;2010-09-21;233.22
14874;2010-09-22;230.87
14875;2010-09-23;230.14
14876;2010-09-24;232.13
14879;2010-09-27;232.21
14880;2010-09-28;232.36
14881;2010-09-29;232.02
14882;2010-09-30;231.35
14883;2010-10-01;231.44
14886;2010-10-04;229.57
14887;2010-10-05;233.27
14888;2010-10-06;235.08
14889;2010-10-07;235.11
14893;2010-10-11;235.96
14894;2010-10-12;235.24
14895;2010-10-13;238.29
14900;2010-10-18;240.24
14901;2010-10-19;238.8
14902;2010-10-20;239.56
14904;2010-10-22;240.25
14907;2010-10-25;240.29
14908;2010-10-26;239.7
14909;2010-10-27;237.86
14910;2010-10-28;238.47
14911;2010-10-29;238.49
14915;2010-11-02;239.24
14916;2010-11-03;239.05
14917;2010-11-04;240.4
14918;2010-11-05;240.53
14921;2010-11-08;240.19
14922;2010-11-09;241.44
14923;2010-11-10;240.5
14925;2010-11-12;238.19
14928;2010-11-15;239.51
14929;2010-11-16;237.48
14930;2010-11-17;237.87
14931;2010-11-18;239.38
14932;2010-11-19;239.75
14935;2010-11-22;238.81
14937;2010-11-24;235.96
14938;2010-11-25;236.1
14939;2010-11-26;236.23
14942;2010-11-29;234.32
14943;2010-11-30;233.66
14944;2010-12-01;235.91
14945;2010-12-02;237.34
14946;2010-12-03;237.62
14949;2010-12-06;238.58
14950;2010-12-07;240.13
14951;2010-12-08;240.51
14952;2010-12-09;241.66
14953;2010-12-10;241.83
14956;2010-12-13;242.41
14957;2010-12-14;242.61
14958;2010-12-15;242.81
14959;2010-12-16;242.88
14960;2010-12-17;243.14
14963;2010-12-20;243.48
14964;2010-12-21;244.68
14965;2010-12-22;244.68
14966;2010-12-23;244.54
14967;2010-12-24;244.39
14970;2010-12-27;243.27
14971;2010-12-28;243
14972;2010-12-29;243.71
14973;2010-12-30;243.28
14974;2010-12-31;242.36
14977;2011-01-03;244.8
14978;2011-01-04;245.36
14979;2011-01-05;245.32
14980;2011-01-06;245.36
14981;2011-01-07;244.59
14984;2011-01-10;243.06
14985;2011-01-11;244.15
14986;2011-01-12;247.12
14987;2011-01-13;247.8
14988;2011-01-14;248.57
14991;2011-01-17;247.51
14992;2011-01-18;249.33
14993;2011-01-19;247.93
14994;2011-01-20;248.32
14995;2011-01-21;249.77
14998;2011-01-24;250.94
14999;2011-01-25;250.93
15000;2011-01-26;251.07
15001;2011-01-27;251.63
15002;2011-01-28;250.62
15005;2011-01-31;249.96
15006;2011-02-01;251.72
15008;2011-02-03;251.69
15009;2011-02-04;252.03
15012;2011-02-07;253.34
15013;2011-02-08;253.76
15014;2011-02-09;252.81
15015;2011-02-10;252.94
15016;2011-02-11;253.97
15019;2011-02-14;253.92
15020;2011-02-15;253.49
15021;2011-02-16;253.91
15022;2011-02-17;254.01
15023;2011-02-18;254.51
15026;2011-02-21;252.73
15027;2011-02-22;251.48
15029;2011-02-24;248.99
15030;2011-02-25;250.41
15033;2011-02-28;250.85
15034;2011-03-01;250.09
15035;2011-03-02;249.99
15036;2011-03-03;250.85
15037;2011-03-04;249.96
15040;2011-03-07;249.34
15041;2011-03-08;248.98
15042;2011-03-09;249.35
15043;2011-03-10;247.69
15044;2011-03-11;245.95
15047;2011-03-14;245.2
15048;2011-03-15;242.66
15049;2011-03-16;242.31
15050;2011-03-17;242.92
15051;2011-03-18;243.71
15054;2011-03-21;245.01
15055;2011-03-22;245.16
15056;2011-03-23;245.14
15057;2011-03-24;246.21
15058;2011-03-25;246.76
15061;2011-03-28;246.85
15062;2011-03-29;246.87
15063;2011-03-30;247.19
15064;2011-03-31;247.19
15065;2011-04-01;249.6
15068;2011-04-04;250.03
15069;2011-04-05;250.38
15070;2011-04-06;249.57
15071;2011-04-07;247.99
15072;2011-04-08;247.79
15075;2011-04-11;247.21
15076;2011-04-12;245.85
15077;2011-04-13;246.53
15078;2011-04-14;245.59
15079;2011-04-15;245.56
15082;2011-04-18;244.15
15083;2011-04-19;243.97
15084;2011-04-20;245.87
15085;2011-04-21;246.45
15090;2011-04-26;247.04
15091;2011-04-27;247.81
15092;2011-04-28;247.89
15093;2011-04-29;247.93
15096;2011-05-02;248.18
15097;2011-05-03;248.05
15098;2011-05-04;247.38
15099;2011-05-05;247.91
15100;2011-05-06;250.21
15103;2011-05-09;249.86
15104;2011-05-10;250.63
15105;2011-05-11;250.67
15106;2011-05-12;251.31
15107;2011-05-13;251.4
15110;2011-05-16;251.15
15111;2011-05-17;249.78
15112;2011-05-18;250.11
15113;2011-05-19;250.58
15114;2011-05-20;250.75
15117;2011-05-23;248.9
15118;2011-05-24;248.96
15119;2011-05-25;248.49
15120;2011-05-26;247.93
15121;2011-05-27;248.91
15124;2011-05-30;248.64
15125;2011-05-31;249.34
15126;2011-06-01;249.07
15128;2011-06-03;248.06
15131;2011-06-06;247.76
15132;2011-06-07;247.51
15133;2011-06-08;246.66
15134;2011-06-09;247.28
15135;2011-06-10;246.2
15139;2011-06-14;247.46
15140;2011-06-15;246.51
15141;2011-06-16;245.43
15142;2011-06-17;245.09
15145;2011-06-20;244.36
15146;2011-06-21;245.49
15147;2011-06-22;244.47
15148;2011-06-23;243.28
15149;2011-06-24;243.71
15152;2011-06-27;243.75
15153;2011-06-28;244.2
15154;2011-06-29;246.19
15155;2011-06-30;247.48
15156;2011-07-01;247.97
15159;2011-07-04;248.94
15160;2011-07-05;248.41
15161;2011-07-06;248.46
15162;2011-07-07;249.46
15163;2011-07-08;249.01
15166;2011-07-11;247.61
15167;2011-07-12;247.05
15168;2011-07-13;247.68
15170;2011-07-15;246.33
15173;2011-07-18;245.35
15174;2011-07-19;246.57
15175;2011-07-20;247.22
15176;2011-07-21;246.58
15177;2011-07-22;248.11
15180;2011-07-25;248.14
15181;2011-07-26;248.38
15182;2011-07-27;247.75
15183;2011-07-28;247.05
15184;2011-07-29;245.93
15187;2011-08-01;245.42
15188;2011-08-02;242.29
15189;2011-08-03;239.73
15190;2011-08-04;235.71
15191;2011-08-05;233.22
15194;2011-08-08;225.39
15195;2011-08-09;224.96
15196;2011-08-10;218.41
15202;2011-08-16;230.94
15203;2011-08-17;230.14
15208;2011-08-22;217.15
15209;2011-08-23;219.97
15210;2011-08-24;224.18
15211;2011-08-25;223.01
15215;2011-08-29;227.19
15216;2011-08-30;228.12
15218;2011-09-01;234.34
15223;2011-09-06;221.78
15224;2011-09-07;226.97
15229;2011-09-12;222.15
15230;2011-09-13;223.41
15231;2011-09-14;226.92
15236;2011-09-19;228.23
15237;2011-09-20;231.8
15238;2011-09-21;229.91
15244;2011-09-27;231.11
15245;2011-09-28;229.09
15246;2011-09-29;228.37
15250;2011-10-03;219.84
15251;2011-10-04;216.51
15252;2011-10-05;220.05
15253;2011-10-06;224.48
15257;2011-10-10;230.14
15259;2011-10-12;234.42
15264;2011-10-17;233.95
15265;2011-10-18;234.36
15267;2011-10-20;229.84
15272;2011-10-25;234.62
15274;2011-10-27;238.18
15280;2011-11-02;228.93
15285;2011-11-07;231.48
15286;2011-11-08;232.73
15287;2011-11-09;230.22
15288;2011-11-10;227.86
15292;2011-11-14;229.82
15293;2011-11-15;228.4
15294;2011-11-16;228.15
15295;2011-11-17;226.96
15296;2011-11-18;225.36
15299;2011-11-21;221.37
15300;2011-11-22;219.93
15301;2011-11-23;218.71
15302;2011-11-24;219.11
15303;2011-11-25;218.08
15306;2011-11-28;223.76
15307;2011-11-29;225.48
15308;2011-11-30;231.74
15309;2011-12-01;229.91
15310;2011-12-02;231.47
15313;2011-12-05;233.6
15314;2011-12-06;232.28
15315;2011-12-07;231.69
15316;2011-12-08;228.21
15317;2011-12-09;229.69
15320;2011-12-12;225.24
15321;2011-12-13;225.02
15322;2011-12-14;221.5
15323;2011-12-15;221.78
15324;2011-12-16;221.36
15327;2011-12-19;220.06
15328;2011-12-20;226.04
15329;2011-12-21;224.61
15330;2011-12-22;227.56
15331;2011-12-23;229.28
15335;2011-12-27;228.09
15336;2011-12-28;226.32
15337;2011-12-29;228.25
15338;2011-12-30;229.76
15341;2012-01-02;232.43
15342;2012-01-03;236.36
15343;2012-01-04;235.97
15344;2012-01-05;234.78
15345;2012-01-06;235.44
15348;2012-01-09;235.49
15349;2012-01-10;238.74
15350;2012-01-11;238.99
15351;2012-01-12;239.02
15352;2012-01-13;239.03
15355;2012-01-16;240.05
15356;2012-01-17;241.8
15357;2012-01-18;244.7
15358;2012-01-19;246.81
15359;2012-01-20;247.49
15362;2012-01-23;249.33
15363;2012-01-24;248.97
15364;2012-01-25;248.84
15369;2012-01-30;250.97
15370;2012-01-31;251.97
15371;2012-02-01;254.61
15372;2012-02-02;257.36
15373;2012-02-03;260.85
15376;2012-02-06;259.77
15377;2012-02-07;260.13
15378;2012-02-08;260.19
15379;2012-02-09;261.24
15380;2012-02-10;260.65
15383;2012-02-13;261.22
15384;2012-02-14;260.71
15385;2012-02-15;260.25
15386;2012-02-16;258.86
15387;2012-02-17;260.01
15390;2012-02-20;260.49
15391;2012-02-21;260.32
15392;2012-02-22;258.85
15393;2012-02-23;258.67
15394;2012-02-24;258.73
15397;2012-02-27;258.58
15398;2012-02-28;259.32
15399;2012-02-29;258.5
15400;2012-03-01;259.57
15401;2012-03-02;259.39
15404;2012-03-05;258.72
15405;2012-03-06;254.24
15406;2012-03-07;256.44
15407;2012-03-08;258.27
15408;2012-03-09;257.96
15411;2012-03-12;258.76
15412;2012-03-13;262.19
15413;2012-03-14;262.02
15414;2012-03-15;262.51
15415;2012-03-16;262.49
15418;2012-03-19;263.09
15419;2012-03-20;262.09
15420;2012-03-21;262.55
15421;2012-03-22;261.53
15422;2012-03-23;261.96
15425;2012-03-26;263.18
15426;2012-03-27;263.4
15427;2012-03-28;261.89
15428;2012-03-29;261.14
15429;2012-03-30;261.64
15432;2012-04-02;262.07
15433;2012-04-03;261.58
15434;2012-04-04;258.24
15435;2012-04-05;255.92
15440;2012-04-10;253.89
15441;2012-04-11;255.27
15442;2012-04-12;258.03
15443;2012-04-13;256.65
15446;2012-04-16;257.11
15447;2012-04-17;256.59
15448;2012-04-18;255.31
15449;2012-04-19;254.37
15450;2012-04-20;254.21
15453;2012-04-23;252.62
15454;2012-04-24;253.35
15455;2012-04-25;255.16
15456;2012-04-26;255.14
15457;2012-04-27;256.11
15460;2012-04-30;255.51
15462;2012-05-02;255.54
15463;2012-05-03;254.29
15464;2012-05-04;252.22
15467;2012-05-07;253.28
15469;2012-05-09;251.41
15470;2012-05-10;251.58
15471;2012-05-11;251.56
15474;2012-05-14;250.59
15475;2012-05-15;250.45
15476;2012-05-16;249.76
15478;2012-05-18;245.57
15481;2012-05-21;246.92
15482;2012-05-22;246.02
15483;2012-05-23;243.21
15484;2012-05-24;243.12
15485;2012-05-25;244.15
15489;2012-05-29;246.71
15490;2012-05-30;244.55
15491;2012-05-31;243.48
15492;2012-06-01;240.42
15495;2012-06-04;239.72
15496;2012-06-05;241.51
15497;2012-06-06;243.53
15498;2012-06-07;245.11
15499;2012-06-08;243.58
15502;2012-06-11;243.23
15503;2012-06-12;242.99
15504;2012-06-13;242.49
15505;2012-06-14;242.35
15506;2012-06-15;243.23
15509;2012-06-18;243.56
15510;2012-06-19;246.28
15511;2012-06-20;248.23
15512;2012-06-21;246.82
15513;2012-06-22;246.3
15516;2012-06-25;245.49
15517;2012-06-26;244.53
15518;2012-06-27;244.86
15519;2012-06-28;244.67
15523;2012-07-02;249.07
15524;2012-07-03;250.71
15525;2012-07-04;251.44
15526;2012-07-05;250.91
15527;2012-07-06;249.14
15530;2012-07-09;247.91
15531;2012-07-10;247.86
15532;2012-07-11;248.15
15533;2012-07-12;247.34
15534;2012-07-13;249.08
15538;2012-07-17;248.49
15539;2012-07-18;250.89
15540;2012-07-19;251.76
15541;2012-07-20;251.31
15544;2012-07-23;248.01
15545;2012-07-24;247.49
15546;2012-07-25;248.51
15547;2012-07-26;252.33
15548;2012-07-27;255.49
15551;2012-07-30;256.14
15552;2012-07-31;255.57
15553;2012-08-01;255.03
15554;2012-08-02;253.24
15555;2012-08-03;257.6
15558;2012-08-06;259.32
15559;2012-08-07;260.69
15560;2012-08-08;259.47
15561;2012-08-09;259.33
15562;2012-08-10;259.55
15565;2012-08-13;259.75
15566;2012-08-14;259.93
15568;2012-08-16;262.32
15569;2012-08-17;262.68
15572;2012-08-20;261.75
15573;2012-08-21;262.15
15574;2012-08-22;261.81
15575;2012-08-23;261.54
15576;2012-08-24;261.45
15579;2012-08-27;261.81
15580;2012-08-28;261.49
15581;2012-08-29;261.53
15582;2012-08-30;260.9
15583;2012-08-31;261.2
15586;2012-09-03;261.2
15587;2012-09-04;260.82
15588;2012-09-05;261.22
15589;2012-09-06;262.07
15590;2012-09-07;262.24
15593;2012-09-10;261.45
15594;2012-09-11;261.67
15595;2012-09-12;261.54
15596;2012-09-13;261.89
15597;2012-09-14;262.63
15600;2012-09-17;262.8
15601;2012-09-18;262.49
15602;2012-09-19;262.97
15603;2012-09-20;262.42
15604;2012-09-21;262.7
15607;2012-09-24;262.24
15608;2012-09-25;261.78
15609;2012-09-26;259.95
15610;2012-09-27;260.56
15611;2012-09-28;260.29
15614;2012-10-01;259.94
15615;2012-10-02;259.89
15616;2012-10-03;260.18
15617;2012-10-04;260.98
15618;2012-10-05;261.67
15621;2012-10-08;261.19
15622;2012-10-09;260.81
15623;2012-10-10;260.17
15624;2012-10-11;261.01
15625;2012-10-12;260.69
15628;2012-10-15;261.35
15629;2012-10-16;263.1
15630;2012-10-17;262.06
15631;2012-10-18;261.59
15632;2012-10-19;260.91
15635;2012-10-22;261.33
15636;2012-10-23;260.43
15637;2012-10-24;260.72
15638;2012-10-25;261.56
15639;2012-10-26;260.17
15642;2012-10-29;260.05
15643;2012-10-30;260.51
15644;2012-10-31;260
15646;2012-11-02;262.45
15649;2012-11-05;262.36
15650;2012-11-06;262.84
15651;2012-11-07;262.25
15652;2012-11-08;261.62
15653;2012-11-09;261.03
15656;2012-11-12;260.66
15657;2012-11-13;260.84
15658;2012-11-14;261.05
15659;2012-11-15;260.1
15660;2012-11-16;259.71
15663;2012-11-19;261.52
15664;2012-11-20;262.16
15665;2012-11-21;263.01
15666;2012-11-22;263.53
15667;2012-11-23;263.9
15670;2012-11-26;263.87
15671;2012-11-27;264.42
15672;2012-11-28;264.11
15673;2012-11-29;265.78
15674;2012-11-30;265.78
15677;2012-12-03;265.62
15678;2012-12-04;265.67
15679;2012-12-05;266.42
15680;2012-12-06;267.7
15681;2012-12-07;267.86
15684;2012-12-10;267.87
15685;2012-12-11;268.19
15686;2012-12-12;268.62
15687;2012-12-13;268.21
15688;2012-12-14;267.5
15691;2012-12-17;266.98
15692;2012-12-18;266.97
15693;2012-12-19;267.81
15694;2012-12-20;267.73
15695;2012-12-21;267.04
15698;2012-12-24;266.02
15701;2012-12-27;265.48
15702;2012-12-28;265.68
15705;2012-12-31;266.31
15707;2013-01-02;267.96
15708;2013-01-03;267.91
15709;2013-01-04;268.6
15712;2013-01-07;269.39
15713;2013-01-08;270.06
15714;2013-01-09;270.55
15715;2013-01-10;270.26
15716;2013-01-11;270.81
15719;2013-01-14;270.39
15720;2013-01-15;270.55
15721;2013-01-16;270.91
15722;2013-01-17;272.88
15723;2013-01-18;273.77
15726;2013-01-21;273.09
15727;2013-01-22;273.15
15728;2013-01-23;273.17
15729;2013-01-24;273.28
15730;2013-01-25;274.71
15733;2013-01-28;274.65
15734;2013-01-29;273.42
15735;2013-01-30;271.8
15736;2013-01-31;272.29
15737;2013-02-01;274.18
15740;2013-02-04;271.13
15741;2013-02-05;272.29
15742;2013-02-06;273.47
15743;2013-02-07;273.69
15744;2013-02-08;274.28
15747;2013-02-11;273.91
15748;2013-02-12;274.01
15749;2013-02-13;274.62
15750;2013-02-14;275.17
15751;2013-02-15;277.09
15754;2013-02-18;276.98
15755;2013-02-19;277.89
15756;2013-02-20;273.45
15757;2013-02-21;272.07
15758;2013-02-22;273.02
15761;2013-02-25;271.93
15762;2013-02-26;272.4
15763;2013-02-27;273.22
15764;2013-02-28;274.1
15765;2013-03-01;273.61
15768;2013-03-04;273.48
15769;2013-03-05;274.75
15770;2013-03-06;274.33
15771;2013-03-07;274.89
15772;2013-03-08;274.97
15775;2013-03-11;275.66
15776;2013-03-12;274.89
15777;2013-03-13;275.18
15778;2013-03-14;275.62
15779;2013-03-15;274.64
15782;2013-03-18;274.06
15783;2013-03-19;273.2
15784;2013-03-20;273.95
15785;2013-03-21;272.49
15786;2013-03-22;273.14
15789;2013-03-25;273.42
15790;2013-03-26;273.77
15791;2013-03-27;273.48
15792;2013-03-28;273.18
15797;2013-04-02;273.07
15798;2013-04-03;272.21
15799;2013-04-04;269.92
15800;2013-04-05;266.94
15803;2013-04-08;269.05
15804;2013-04-09;268.87
15805;2013-04-10;271.31
15806;2013-04-11;272.31
15807;2013-04-12;271.42
15810;2013-04-15;268.88
15811;2013-04-16;269.13
15812;2013-04-17;266.79
15813;2013-04-18;267.46
15814;2013-04-19;269.18
15817;2013-04-22;268.27
15818;2013-04-23;271.14
15819;2013-04-24;272.35
15820;2013-04-25;272.84
15821;2013-04-26;272.91
15824;2013-04-29;273.62
15825;2013-04-30;273.29
15827;2013-05-02;273.49
15828;2013-05-03;275.38
15831;2013-05-06;275.4
15832;2013-05-07;276.47
15835;2013-05-10;278.71
15838;2013-05-13;278.59
15839;2013-05-14;279.81
15840;2013-05-15;280.64
15841;2013-05-16;280.79
15842;2013-05-17;281.5
15846;2013-05-21;283.11
15847;2013-05-22;282.61
15848;2013-05-23;280.92
15849;2013-05-24;279.85
15852;2013-05-27;280.68
15853;2013-05-28;282.84
15854;2013-05-29;281.42
15855;2013-05-30;281.63
15856;2013-05-31;280.77
15859;2013-06-03;279.3
15860;2013-06-04;280.52
15861;2013-06-05;278.45
15862;2013-06-06;277.84
15863;2013-06-07;278.24
15866;2013-06-10;277.34
15867;2013-06-11;276.07
15868;2013-06-12;275.52
15869;2013-06-13;276.05
15870;2013-06-14;276.48
15873;2013-06-17;277.86
15874;2013-06-18;279.01
15875;2013-06-19;279.21
15876;2013-06-20;275.82
15877;2013-06-21;274.14
15880;2013-06-24;270.1
15881;2013-06-25;271.93
15882;2013-06-26;275.27
15883;2013-06-27;277.23
15884;2013-06-28;276.14
15887;2013-07-01;277.29
15888;2013-07-02;277.19
15889;2013-07-03;277.3
15890;2013-07-04;279.75
15891;2013-07-05;280.9
15894;2013-07-08;281.49
15895;2013-07-09;282.06
15896;2013-07-10;282.02
15897;2013-07-11;282.53
15898;2013-07-12;282.29
15901;2013-07-15;282.95
15902;2013-07-16;281.96
15903;2013-07-17;281.86
15904;2013-07-18;283.08
15905;2013-07-19;283.21
15908;2013-07-22;282.3
15909;2013-07-23;280.36
15910;2013-07-24;280.29
15911;2013-07-25;281.2
15912;2013-07-26;280.57
15915;2013-07-29;280.65
15916;2013-07-30;282.37
15917;2013-07-31;282
15918;2013-08-01;282.96
15919;2013-08-02;283.58
15922;2013-08-05;284.52
15923;2013-08-06;284.43
15924;2013-08-07;283.57
15925;2013-08-08;284.84
15926;2013-08-09;285.08
15929;2013-08-12;284.91
15930;2013-08-13;285.85
15931;2013-08-14;285.64
15933;2013-08-16;283.63
15936;2013-08-19;283.09
15937;2013-08-20;282.06
15938;2013-08-21;282.16
15939;2013-08-22;283.9
15940;2013-08-23;284.76
15943;2013-08-26;284.7
15944;2013-08-27;282.24
15945;2013-08-28;281.06
15946;2013-08-29;282.56
15947;2013-08-30;282.04
15950;2013-09-02;283.33
15951;2013-09-03;284.39
15952;2013-09-04;285.07
15953;2013-09-05;286.44
15954;2013-09-06;286.76
15957;2013-09-09;287.07
15958;2013-09-10;288.22
15959;2013-09-11;288.44
15960;2013-09-12;288.44
15961;2013-09-13;288.46
15964;2013-09-16;289.35
15965;2013-09-17;289.46
15966;2013-09-18;290.63
15967;2013-09-19;290.56
15968;2013-09-20;290.83
15971;2013-09-23;289.75
15972;2013-09-24;289.53
15973;2013-09-25;289.19
15974;2013-09-26;289.43
15975;2013-09-27;289.36
15978;2013-09-30;288.45
15979;2013-10-01;289
15980;2013-10-02;289.07
15981;2013-10-03;288.75
15982;2013-10-04;288.95
15985;2013-10-07;288.6
15986;2013-10-08;286.56
15987;2013-10-09;286.17
15988;2013-10-10;287.68
15989;2013-10-11;287.51
15992;2013-10-14;287.15
15993;2013-10-15;286.86
15994;2013-10-16;286.58
15995;2013-10-17;287.35
15996;2013-10-18;288.81
15999;2013-10-21;289.31
16000;2013-10-22;289.81
16001;2013-10-23;289.06
16002;2013-10-24;288.97
16003;2013-10-25;287.77
16006;2013-10-28;287.59
16007;2013-10-29;287.94
16008;2013-10-30;288.24
16009;2013-10-31;287.99
16013;2013-11-04;288.21
16014;2013-11-05;288.02
16015;2013-11-06;288.99
16016;2013-11-07;288.5
16017;2013-11-08;289
16021;2013-11-12;289.35
16022;2013-11-13;288.84
16023;2013-11-14;289.84
16024;2013-11-15;289.53
16027;2013-11-18;289.54
16028;2013-11-19;289.29
16029;2013-11-20;289.13
16030;2013-11-21;289.57
16031;2013-11-22;289.47
16034;2013-11-25;289.89
16035;2013-11-26;289.65
16036;2013-11-27;290.42
16037;2013-11-28;290.76
16038;2013-11-29;291.16
16041;2013-12-02;290.8
16042;2013-12-03;289.88
16043;2013-12-04;289.04
16044;2013-12-05;288.7
16045;2013-12-06;289.31
16048;2013-12-09;289.77
16049;2013-12-10;289.51
16050;2013-12-11;289.15
16051;2013-12-12;288.38
16052;2013-12-13;289.05
16055;2013-12-16;289.68
16056;2013-12-17;288.49
16057;2013-12-18;288.86
16058;2013-12-19;289.45
16059;2013-12-20;289.6
16062;2013-12-23;290.18
16063;2013-12-24;290.88
16066;2013-12-27;291.55
16069;2013-12-30;291.8
16070;2013-12-31;292.21
16072;2014-01-02;291.67
16073;2014-01-03;292.59
16076;2014-01-06;291.82
16077;2014-01-07;292.59
16078;2014-01-08;294.3
16079;2014-01-09;293.56
16080;2014-01-10;293.93
16083;2014-01-13;293.61
16084;2014-01-14;294.02
16085;2014-01-15;294.57
16086;2014-01-16;294.11
16087;2014-01-17;293.9
16090;2014-01-20;294.06
16091;2014-01-21;294.72
16092;2014-01-22;295.18
16093;2014-01-23;293.85
16094;2014-01-24;291.31
16097;2014-01-27;289.79
16098;2014-01-28;291.07
16099;2014-01-29;290.34
16100;2014-01-30;290.87
16101;2014-01-31;290.15
16104;2014-02-03;289.24
16105;2014-02-04;288.82
16106;2014-02-05;288.48
16107;2014-02-06;291.05
16108;2014-02-07;292.5
16111;2014-02-10;292.96
16112;2014-02-11;294.07
16113;2014-02-12;293.66
16114;2014-02-13;292.18
16115;2014-02-14;292.66
16118;2014-02-17;293.35
16119;2014-02-18;293.43
16120;2014-02-19;293.87
16121;2014-02-20;293.95
16122;2014-02-21;293.86
16125;2014-02-24;294.08
16126;2014-02-25;293.05
16127;2014-02-26;293.33
16128;2014-02-27;293.22
16129;2014-02-28;293.43
16132;2014-03-03;291.67
16133;2014-03-04;293.98
16134;2014-03-05;294.08
16135;2014-03-06;295.12
16136;2014-03-07;295.08
16139;2014-03-10;295.11
16140;2014-03-11;294.81
16141;2014-03-12;294.14
16142;2014-03-13;292.81
16143;2014-03-14;291.49
16146;2014-03-17;292.3
16147;2014-03-18;293.38
16148;2014-03-19;293.98
16149;2014-03-20;294.84
16150;2014-03-21;294.91
16153;2014-03-24;294.14
16154;2014-03-25;294.88
16155;2014-03-26;295.87
16156;2014-03-27;295.28
16157;2014-03-28;295.16
16160;2014-03-31;296.21
16161;2014-04-01;296.87
16162;2014-04-02;297.42
16163;2014-04-03;297.15
16164;2014-04-04;296.48
16167;2014-04-07;294.24
16168;2014-04-08;293.58
16169;2014-04-09;295.9
16170;2014-04-10;295.05
16171;2014-04-11;292.29
16174;2014-04-14;291.52
16175;2014-04-15;290.56
16176;2014-04-16;291.01
16177;2014-04-17;292.99
16182;2014-04-22;295.91
16183;2014-04-23;295.91
16184;2014-04-24;297.16
16185;2014-04-25;296.05
16188;2014-04-28;294.74
16189;2014-04-29;296.76
16190;2014-04-30;297.4
16192;2014-05-02;297.64
16195;2014-05-05;297.65
16196;2014-05-06;297.54
16197;2014-05-07;297.38
16199;2014-05-09;297.64
16202;2014-05-12;299.68
16203;2014-05-13;300.79
16204;2014-05-14;299.78
16205;2014-05-15;298.8
16206;2014-05-16;298.44
16209;2014-05-19;299.03
16210;2014-05-20;298.84
16211;2014-05-21;299.12
16212;2014-05-22;300.04
16213;2014-05-23;300.28
16216;2014-05-26;301.13
16217;2014-05-27;302.21
16218;2014-05-28;302.54
16220;2014-05-30;303.38
16223;2014-06-02;303.23
16224;2014-06-03;302.6
16225;2014-06-04;303.18
16226;2014-06-05;303.88
16227;2014-06-06;304.46
16231;2014-06-10;304.55
16232;2014-06-11;303.7
16233;2014-06-12;303.82
16234;2014-06-13;303.28
16237;2014-06-16;303.76
16238;2014-06-17;304.56
16239;2014-06-18;304.7
16240;2014-06-19;305.07
16241;2014-06-20;304.44
16244;2014-06-23;302.08
16245;2014-06-24;302.33
16246;2014-06-25;301.54
16247;2014-06-26;301.18
16248;2014-06-27;301.08
16251;2014-06-30;301.4
16252;2014-07-01;301.95
16253;2014-07-02;301.81
16254;2014-07-03;302.95
16255;2014-07-04;303
16258;2014-07-07;301.18
16259;2014-07-08;299.52
16260;2014-07-09;299.06
16261;2014-07-10;297.55
16262;2014-07-11;297.93
16266;2014-07-15;298.94
16267;2014-07-16;299.84
16268;2014-07-17;299.28
16269;2014-07-18;299.56
16272;2014-07-21;299.82
16273;2014-07-22;300.97
16274;2014-07-23;301.21
16275;2014-07-24;301.79
16276;2014-07-25;300.27
16279;2014-07-28;299.73
16280;2014-07-29;299.99
16282;2014-07-31;298.05
16283;2014-08-01;296.52
16286;2014-08-04;294.39
16287;2014-08-05;294.74
16288;2014-08-06;293.4
16289;2014-08-07;292.35
16290;2014-08-08;292.17
16293;2014-08-11;293.94
16294;2014-08-12;293.79
16295;2014-08-13;294.15
16296;2014-08-14;294.88
16300;2014-08-18;296.58
16301;2014-08-19;298.06
16302;2014-08-20;297.92
16303;2014-08-21;298.83
16304;2014-08-22;298.61
16307;2014-08-25;299.87
16308;2014-08-26;300.04
16309;2014-08-27;300.66
16310;2014-08-28;299.79
16311;2014-08-29;298.93
16314;2014-09-01;299
16315;2014-09-02;299.18
16316;2014-09-03;299.86
16317;2014-09-04;300.85
16318;2014-09-05;300.9
16321;2014-09-08;301.23
16322;2014-09-09;300.28
16323;2014-09-10;300.01
16324;2014-09-11;300.41
16325;2014-09-12;300.76
16328;2014-09-15;299.88
16329;2014-09-16;299.7
16330;2014-09-17;299.66
16331;2014-09-18;300.63
16332;2014-09-19;300.52
16335;2014-09-22;299.57
16336;2014-09-23;297.53
16337;2014-09-24;297.38
16338;2014-09-25;296.7
16339;2014-09-26;297.36
16342;2014-09-29;297.11
16343;2014-09-30;297.3
16344;2014-10-01;296.2
16345;2014-10-02;294.42
16346;2014-10-03;295.46
16349;2014-10-06;295.03
16350;2014-10-07;292.77
16351;2014-10-08;291.15
16352;2014-10-09;289.4
16353;2014-10-10;286.99
16356;2014-10-13;285.72
16357;2014-10-14;286.61
16358;2014-10-15;283.66
16359;2014-10-16;283.19
16360;2014-10-17;283.73
16363;2014-10-20;284.48
16364;2014-10-21;287.52
16365;2014-10-22;288.5
16366;2014-10-23;289.42
16367;2014-10-24;289.05
16370;2014-10-27;288.46
16371;2014-10-28;289.95
16372;2014-10-29;290.57
16373;2014-10-30;292.16
16374;2014-10-31;294.93
16377;2014-11-03;296.3
16378;2014-11-04;294.63
16379;2014-11-05;296.1
16380;2014-11-06;296.97
16381;2014-11-07;296.69
16384;2014-11-10;296.91
16386;2014-11-12;296.45
16387;2014-11-13;297.22
16388;2014-11-14;297.66
16391;2014-11-17;297.92
16392;2014-11-18;298.93
16393;2014-11-19;298.74
16394;2014-11-20;299.14
16395;2014-11-21;301.58
16398;2014-11-24;303.07
16399;2014-11-25;303.31
16400;2014-11-26;302.79
16401;2014-11-27;303.58
16402;2014-11-28;303.49
16405;2014-12-01;302.57
16406;2014-12-02;302.83
16407;2014-12-03;303.26
16408;2014-12-04;303.15
16409;2014-12-05;304.55
16412;2014-12-08;304.13
16413;2014-12-09;301.33
16414;2014-12-10;300.44
16415;2014-12-11;299.97
16416;2014-12-12;297.52
16419;2014-12-15;295
16420;2014-12-16;295.27
16421;2014-12-17;295.6
16422;2014-12-18;300.5
16423;2014-12-19;301.6
16426;2014-12-22;302.82
16427;2014-12-23;304.57
16428;2014-12-24;304.4
16433;2014-12-29;304.61
16434;2014-12-30;303.99
16435;2014-12-31;305.04
16437;2015-01-02;304.69
16440;2015-01-05;303.25
16441;2015-01-06;301.61
16442;2015-01-07;301.79
16443;2015-01-08;305.66
16444;2015-01-09;306.13
16447;2015-01-12;306.41
16448;2015-01-13;306.34
16449;2015-01-14;305.26
16450;2015-01-15;306.06
16451;2015-01-16;306.84
16454;2015-01-19;307.78
16455;2015-01-20;309.27
16456;2015-01-21;310.4
16457;2015-01-22;312.24
16458;2015-01-23;313.58
16461;2015-01-26;314.6
16462;2015-01-27;313
16463;2015-01-28;313.38
16464;2015-01-29;313.05
16465;2015-01-30;312.48
16468;2015-02-02;312.05
16469;2015-02-03;313.6
16470;2015-02-04;314.27
16471;2015-02-05;314.49
16472;2015-02-06;314.8
16475;2015-02-09;312.95
16476;2015-02-10;314.26
16477;2015-02-11;315.8
16478;2015-02-12;317.77
16479;2015-02-13;318.54
16482;2015-02-16;318.73
16483;2015-02-17;318.74
16484;2015-02-18;320.47
16485;2015-02-19;320.77
16486;2015-02-20;320.83
16489;2015-02-23;320.66
16490;2015-02-24;319.87
16491;2015-02-25;318.92
16492;2015-02-26;319.98
16493;2015-02-27;321.04
16496;2015-03-02;320.64
16497;2015-03-03;318.93
16498;2015-03-04;319.68
16499;2015-03-05;321.47
16500;2015-03-06;322.33
16503;2015-03-09;322.16
16504;2015-03-10;320.87
16505;2015-03-11;323.1
16506;2015-03-12;323.78
16507;2015-03-13;325.27
16510;2015-03-16;325.97
16511;2015-03-17;323.88
16512;2015-03-18;323.91
16513;2015-03-19;325.24
16514;2015-03-20;325.85
16517;2015-03-23;324.91
16518;2015-03-24;325.03
16519;2015-03-25;322.62
16520;2015-03-26;320.61
16521;2015-03-27;320.71
16524;2015-03-30;321.21
16525;2015-03-31;320.95
16526;2015-04-01;321.48
16527;2015-04-02;321.86
16532;2015-04-07;322.86
16533;2015-04-08;324.36
16534;2015-04-09;327.7
16535;2015-04-10;328.57
16538;2015-04-13;328.34
16539;2015-04-14;328.35
16540;2015-04-15;328.99
16541;2015-04-16;328.47
16542;2015-04-17;327.42
16545;2015-04-20;327.38
16546;2015-04-21;328.43
16547;2015-04-22;329.93
16548;2015-04-23;330.09
16549;2015-04-24;330.07
16552;2015-04-27;330.33
16553;2015-04-28;327.9
16554;2015-04-29;325.76
16555;2015-04-30;324.63
16559;2015-05-04;325.73
16560;2015-05-05;323.91
16561;2015-05-06;322.88
16562;2015-05-07;323.82
16566;2015-05-11;326.96
16567;2015-05-12;325.24
16568;2015-05-13;325.25
16570;2015-05-15;325.72
16573;2015-05-18;326.56
16574;2015-05-19;328.78
16575;2015-05-20;329.88
16576;2015-05-21;330.31
16577;2015-05-22;330.67
16581;2015-05-26;330.64
16582;2015-05-27;332.42
16583;2015-05-28;332.61
16584;2015-05-29;330.52
16587;2015-06-01;330.82
16588;2015-06-02;329.12
16589;2015-06-03;328.14
16590;2015-06-04;327.23
16591;2015-06-05;325.72
16594;2015-06-08;324.56
16595;2015-06-09;323.93
16596;2015-06-10;325.53
16597;2015-06-11;325.86
16598;2015-06-12;324.82
16601;2015-06-15;322.58
16602;2015-06-16;323.32
16604;2015-06-18;322.12
16605;2015-06-19;322.77
16608;2015-06-22;324.22
16609;2015-06-23;327.12
16610;2015-06-24;326.27
16611;2015-06-25;325.95
16612;2015-06-26;325.74
16615;2015-06-29;321.82
16616;2015-06-30;320.01
16617;2015-07-01;322.68
16618;2015-07-02;321.85
16619;2015-07-03;321.33
16622;2015-07-06;321.28
16623;2015-07-07;319.53
16624;2015-07-08;319.46
16625;2015-07-09;321.42
16626;2015-07-10;322.65
16629;2015-07-13;325.72
16631;2015-07-15;327.95
16632;2015-07-16;329.78
16633;2015-07-17;330.85
16636;2015-07-20;330.88
16637;2015-07-21;329.19
16638;2015-07-22;328.72
16639;2015-07-23;328.29
16640;2015-07-24;328.31
16643;2015-07-27;325.6
16644;2015-07-28;325.24
16645;2015-07-29;327.13
16646;2015-07-30;326.98
16647;2015-07-31;326.65
16650;2015-08-03;327.44
16651;2015-08-04;328.24
16652;2015-08-05;330.12
16653;2015-08-06;330.01
16654;2015-08-07;329.01
16657;2015-08-10;329.55
16658;2015-08-11;328.03
16659;2015-08-12;324.49
16660;2015-08-13;325.97
16661;2015-08-14;325.99
16664;2015-08-17;326.23
16665;2015-08-18;327.2
16666;2015-08-19;325.79
16667;2015-08-20;322.65
16668;2015-08-21;319.01
16671;2015-08-24;312.61
16672;2015-08-25;317.3
16673;2015-08-26;315.97
16674;2015-08-27;320.72
16675;2015-08-28;321.92
16678;2015-08-31;321.28
16679;2015-09-01;318.28
16680;2015-09-02;318.18
16681;2015-09-03;320.81
16682;2015-09-04;318.38
16685;2015-09-07;318.55
16686;2015-09-08;320.07
16687;2015-09-09;321.69
16688;2015-09-10;321.1
16689;2015-09-11;319.45
16692;2015-09-14;318.46
16693;2015-09-15;319.51
16694;2015-09-16;320.02
16695;2015-09-17;320.74
16696;2015-09-18;319.56
16700;2015-09-22;317.6
16701;2015-09-23;317.19
16702;2015-09-24;314.86
16703;2015-09-25;317.08
16706;2015-09-28;314.2
16707;2015-09-29;312.94
16708;2015-09-30;316.38
16709;2015-10-01;315.95
16710;2015-10-02;316.43
16713;2015-10-05;319.54
16714;2015-10-06;319.65
16715;2015-10-07;319.03
16716;2015-10-08;318.74
16717;2015-10-09;317.88
16720;2015-10-12;316.54
16721;2015-10-13;316.49
16722;2015-10-14;315.63
16723;2015-10-15;316.95
16724;2015-10-16;318.2
16727;2015-10-19;318.98
16728;2015-10-20;318.51
16729;2015-10-21;318.79
16730;2015-10-22;320.94
16731;2015-10-23;324.39
16734;2015-10-26;323.91
16735;2015-10-27;323.17
16736;2015-10-28;323.92
16737;2015-10-29;325.14
16738;2015-10-30;325.17
16741;2015-11-02;326.33
16742;2015-11-03;326.85
16743;2015-11-04;326.32
16744;2015-11-05;326.17
16745;2015-11-06;326.25
16748;2015-11-09;325.81
16749;2015-11-10;325.83
16751;2015-11-12;326.11
16752;2015-11-13;325.84
16755;2015-11-16;325.41
16756;2015-11-17;326.74
16757;2015-11-18;327.16
16758;2015-11-19;327.12
16759;2015-11-20;327.75
16762;2015-11-23;327.54
16763;2015-11-24;326.32
16764;2015-11-25;327.89
16765;2015-11-26;328.05
16766;2015-11-27;328.51
16769;2015-11-30;328.97
16770;2015-12-01;328.81
16771;2015-12-02;328.74
16772;2015-12-03;326.15
16773;2015-12-04;326.63
16776;2015-12-07;327.18
16777;2015-12-08;325.96
16778;2015-12-09;324.62
16779;2015-12-10;324.35
16780;2015-12-11;322.19
16783;2015-12-14;321.47
16784;2015-12-15;323.93
16785;2015-12-16;324.49
16786;2015-12-17;325.27
16787;2015-12-18;324.36
16790;2015-12-21;323.53
16791;2015-12-22;323.36
16792;2015-12-23;325.12
16793;2015-12-24;325.18
16797;2015-12-28;325.06
16798;2015-12-29;326.26
16799;2015-12-30;326.26
16800;2015-12-31;326.06
16804;2016-01-04;323.98
16805;2016-01-05;324.71
16806;2016-01-06;323.17
16807;2016-01-07;320.73
16808;2016-01-08;319.29
16811;2016-01-11;318.05
16812;2016-01-12;318.37
16813;2016-01-13;318.16
16814;2016-01-14;316.76
16815;2016-01-15;313.21
16818;2016-01-18;312.06
16819;2016-01-19;312.45
16820;2016-01-20;310.37
16821;2016-01-21;312.32
16822;2016-01-22;316.62
16825;2016-01-25;316.6
16826;2016-01-26;316.22
16827;2016-01-27;316.3
16828;2016-01-28;315.1
16829;2016-01-29;317.81
16832;2016-02-01;318.56
16833;2016-02-02;316.19
16834;2016-02-03;313.67
16835;2016-02-04;312.22
16836;2016-02-05;309.98
16839;2016-02-08;304.35
16840;2016-02-09;302.03
16841;2016-02-10;306.2
16842;2016-02-11;302.35
16843;2016-02-12;304.75
16846;2016-02-15;308.87
16847;2016-02-16;310.12
16848;2016-02-17;313.93
16849;2016-02-18;316.17
16850;2016-02-19;315.05
16853;2016-02-22;316.79
16854;2016-02-23;315.81
16855;2016-02-24;313.96
16856;2016-02-25;315.58
16857;2016-02-26;317.53
16860;2016-02-29;319.23
16861;2016-03-01;321.97
16862;2016-03-02;322.35
16863;2016-03-03;322.74
16864;2016-03-04;323.89
16867;2016-03-07;321.7
16868;2016-03-08;319.56
16869;2016-03-09;320.13
16870;2016-03-10;317.77
16871;2016-03-11;321.1
16874;2016-03-14;322.22
16875;2016-03-15;321.32
16876;2016-03-16;321.75
16877;2016-03-17;320.36
16878;2016-03-18;321.3
16881;2016-03-21;321.06
16882;2016-03-22;321.41
16883;2016-03-23;321.39
16884;2016-03-24;319.8
16889;2016-03-29;320.46
16890;2016-03-30;321.4
16891;2016-03-31;321.01
16892;2016-04-01;320.78
16895;2016-04-04;320.8
16896;2016-04-05;318.35
16897;2016-04-06;319.01
16898;2016-04-07;318.19
16899;2016-04-08;319.41
16902;2016-04-11;319.05
16903;2016-04-12;319.76
16904;2016-04-13;322.73
16905;2016-04-14;322.69
16906;2016-04-15;322.53
16909;2016-04-18;322.28
16910;2016-04-19;323.39
16911;2016-04-20;323.38
16912;2016-04-21;323.9
16913;2016-04-22;323.87
16916;2016-04-25;323.23
16917;2016-04-26;323.24
16918;2016-04-27;323.68
16919;2016-04-28;323.25
16920;2016-04-29;321.46
16923;2016-05-02;322.02
16924;2016-05-03;320.59
16925;2016-05-04;319.8
16927;2016-05-06;320.15
16930;2016-05-09;320.16
16931;2016-05-10;322.66
16932;2016-05-11;322.22
16933;2016-05-12;321.91
16934;2016-05-13;322.82
16938;2016-05-17;321.33
16939;2016-05-18;322.44
16940;2016-05-19;321.91
16941;2016-05-20;323.86
16944;2016-05-23;324.04
16945;2016-05-24;326.23
16946;2016-05-25;327.73
16947;2016-05-26;328.55
16948;2016-05-27;329.42
16951;2016-05-30;329.53
16952;2016-05-31;329.47
16953;2016-06-01;328.81
16954;2016-06-02;329.76
16955;2016-06-03;328.73
16958;2016-06-06;328.13
16959;2016-06-07;329.61
16960;2016-06-08;329.22
16961;2016-06-09;328.46
16962;2016-06-10;325.94
16965;2016-06-13;322.63
16966;2016-06-14;320.37
16967;2016-06-15;321.61
16968;2016-06-16;320.54
16969;2016-06-17;321.83
16972;2016-06-20;325.27
16973;2016-06-21;326.3
16974;2016-06-22;326.72
16975;2016-06-23;328.61
16976;2016-06-24;320.43
16979;2016-06-27;313.26
16980;2016-06-28;316.3
16981;2016-06-29;320.22
16982;2016-06-30;322.36
16983;2016-07-01;323.54
16986;2016-07-04;321.9
16987;2016-07-05;319.66
16988;2016-07-06;317.49
16989;2016-07-07;318.3
16990;2016-07-08;320.79
16993;2016-07-11;322.57
16994;2016-07-12;323.94
16995;2016-07-13;324.02
16997;2016-07-15;323.99
17000;2016-07-18;324.83
17001;2016-07-19;323.85
17002;2016-07-20;325.75
17003;2016-07-21;325.54
17004;2016-07-22;326.03
17007;2016-07-25;325.93
17008;2016-07-26;326.21
17009;2016-07-27;327.95
17010;2016-07-28;327.33
17011;2016-07-29;328.04
17014;2016-08-01;327.73
17015;2016-08-02;326.06
17016;2016-08-03;324.98
17017;2016-08-04;325.81
17018;2016-08-05;326.99
17021;2016-08-08;326.85
17022;2016-08-09;327.8
17023;2016-08-10;328.02
17024;2016-08-11;329.01
17025;2016-08-12;329.27
17029;2016-08-16;328.52
17030;2016-08-17;326.81
17031;2016-08-18;327.35
17032;2016-08-19;326.49
17035;2016-08-22;326.97
17036;2016-08-23;327.93
17037;2016-08-24;327.98
17038;2016-08-25;327.2
17039;2016-08-26;327.65
17042;2016-08-29;328.3
17043;2016-08-30;329.52
17044;2016-08-31;329.75
17045;2016-09-01;330.6
17046;2016-09-02;332.67
17049;2016-09-05;332.99
17050;2016-09-06;332.29
17051;2016-09-07;332.48
17052;2016-09-08;331.76
17053;2016-09-09;330.69
17056;2016-09-12;329.61
17057;2016-09-13;328.77
17058;2016-09-14;328.64
17059;2016-09-15;329.59
17060;2016-09-16;329.64
17063;2016-09-19;330.24
17064;2016-09-20;329.66
17065;2016-09-21;331.09
17066;2016-09-22;332.47
17067;2016-09-23;332.46
17070;2016-09-26;330.58
17071;2016-09-27;330.13
17072;2016-09-28;331.09
17073;2016-09-29;330.58
17074;2016-09-30;331.21
17077;2016-10-03;331.24
17078;2016-10-04;331.89
17079;2016-10-05;331.74
17080;2016-10-06;331.16
17081;2016-10-07;330.1
17084;2016-10-10;330.5
17085;2016-10-11;329.83
17086;2016-10-12;329.59
17087;2016-10-13;328.06
17088;2016-10-14;329.05
17091;2016-10-17;328.72
17092;2016-10-18;330.23
17093;2016-10-19;330.3
17094;2016-10-20;329.84
17095;2016-10-21;330.19
17098;2016-10-24;331.17
17099;2016-10-25;330.47
17100;2016-10-26;330.22
17101;2016-10-27;329.25
17102;2016-10-28;329.41
17105;2016-10-31;328.98
17107;2016-11-02;325.88
17108;2016-11-03;326.06
17109;2016-11-04;324.48
17112;2016-11-07;325.87
17113;2016-11-08;325.99
17114;2016-11-09;326.26
17115;2016-11-10;323.51
17119;2016-11-14;322.78
17120;2016-11-15;323.5
17121;2016-11-16;324.62
17122;2016-11-17;325.64
17123;2016-11-18;325.82
17126;2016-11-21;326.09
17127;2016-11-22;326.93
17128;2016-11-23;326.29
17129;2016-11-24;326.49
17130;2016-11-25;326.31
17133;2016-11-28;325.27
17134;2016-11-29;325.08
17135;2016-11-30;324.98
17136;2016-12-01;322.83
17137;2016-12-02;320.81
17140;2016-12-05;321.93
17141;2016-12-06;323.16
17142;2016-12-07;324.96
17143;2016-12-08;326.52
17144;2016-12-09;327.6
17147;2016-12-12;327.48
17148;2016-12-13;328.55
17149;2016-12-14;327.71
17150;2016-12-15;329.31
17151;2016-12-16;330.07
17154;2016-12-19;330.94
17155;2016-12-20;331.65
17156;2016-12-21;331.88
17157;2016-12-22;331.61
17158;2016-12-23;332.43
17162;2016-12-27;332.72
17163;2016-12-28;332.34
17164;2016-12-29;332.39
17165;2016-12-30;332.18
17168;2017-01-02;332.83
17169;2017-01-03;334
17170;2017-01-04;334.24
17171;2017-01-05;334.58
17172;2017-01-06;334.46
17175;2017-01-09;334.32
17176;2017-01-10;334.04
17177;2017-01-11;334.73
17178;2017-01-12;333.4
17179;2017-01-13;334
17182;2017-01-16;333.47
17183;2017-01-17;332.94
17184;2017-01-18;332.9
17185;2017-01-19;334.22
17186;2017-01-20;334.35
17189;2017-01-23;333.79
17190;2017-01-24;334.3
17191;2017-01-25;334.85
17192;2017-01-26;334.84
17193;2017-01-27;334.48
17196;2017-01-30;333.56
17197;2017-01-31;332.94
17198;2017-02-01;333.97
17199;2017-02-02;334.11
17200;2017-02-03;334.97
17203;2017-02-06;334.19
17204;2017-02-07;334.23
17205;2017-02-08;334.91
17206;2017-02-09;335.34
17207;2017-02-10;335.27
17210;2017-02-13;335.98
17211;2017-02-14;336.67
17212;2017-02-15;337.48
17213;2017-02-16;337.29
17214;2017-02-17;337.73
17217;2017-02-20;337.45
17218;2017-02-21;337.93
17219;2017-02-22;337.94
17220;2017-02-23;337.66
17221;2017-02-24;337.25
17224;2017-02-27;337.23
17225;2017-02-28;336.94
17226;2017-03-01;338.42
17227;2017-03-02;338.24
17228;2017-03-03;338.38
17231;2017-03-06;337.46
17232;2017-03-07;337.69
17233;2017-03-08;337.73
17234;2017-03-09;337.92
17235;2017-03-10;338.52
17238;2017-03-13;338.38
17239;2017-03-14;337.89
17240;2017-03-15;337.95
17241;2017-03-16;338.13
17242;2017-03-17;338.67
17245;2017-03-20;338.66
17246;2017-03-21;337.44
17247;2017-03-22;336.88
17248;2017-03-23;337.52
17249;2017-03-24;338.26
17252;2017-03-27;338.28
17253;2017-03-28;338.86
17255;2017-03-30;340.66
17256;2017-03-31;341.71
17259;2017-04-03;341.49
17260;2017-04-04;341.2
17261;2017-04-05;341.52
17262;2017-04-06;341.78
17263;2017-04-07;341.68
17266;2017-04-10;341.62
17267;2017-04-11;340.99
17268;2017-04-12;341.27
17269;2017-04-13;340.69
17274;2017-04-18;338.69
17275;2017-04-19;339.21
17276;2017-04-20;339.81
17277;2017-04-21;339.45
17280;2017-04-24;340.88
17281;2017-04-25;341.09
17282;2017-04-26;342.14
17283;2017-04-27;342.26
17284;2017-04-28;342.43
17288;2017-05-02;343.43
17289;2017-05-03;343.4
17290;2017-05-04;344.2
17291;2017-05-05;345.44
17295;2017-05-09;346.44
17296;2017-05-10;347.13
17297;2017-05-11;346.9
17298;2017-05-12;347.92
17301;2017-05-15;348.33
17302;2017-05-16;348.46
17303;2017-05-17;346.62
17304;2017-05-18;345.89
17305;2017-05-19;347.19
17308;2017-05-22;347.94
17309;2017-05-23;348.73
17310;2017-05-24;349.12
17312;2017-05-26;350.16
17315;2017-05-29;349.96
17316;2017-05-30;350.15
17318;2017-06-01;350.93
17319;2017-06-02;351.54
17323;2017-06-06;350.53
17324;2017-06-07;350.34
17325;2017-06-08;350.01
17326;2017-06-09;350.41
17329;2017-06-12;349.04
17330;2017-06-13;350.21
17331;2017-06-14;350.48
17332;2017-06-15;349.85
17333;2017-06-16;350.33
17336;2017-06-19;351.07
17337;2017-06-20;350.77
17338;2017-06-21;350.27
17339;2017-06-22;350.61
17340;2017-06-23;350.56
17343;2017-06-26;350.97
17344;2017-06-27;349.63
17345;2017-06-28;349.36
17346;2017-06-29;348.01
17347;2017-06-30;347.58
17350;2017-07-03;348.85
17351;2017-07-04;348.78
17352;2017-07-05;349.17
17353;2017-07-06;348.89
17357;2017-07-10;349.75
17358;2017-07-11;349.73
17359;2017-07-12;350.77
17360;2017-07-13;351.35
17364;2017-07-17;352.09
17365;2017-07-18;351.41
17366;2017-07-19;352.43
17367;2017-07-20;352.5
17368;2017-07-21;351.75
17371;2017-07-24;351.59
17372;2017-07-25;351.66
17373;2017-07-26;351.87
17374;2017-07-27;351.16
17375;2017-07-28;349.98
17378;2017-07-31;349.33
17379;2017-08-01;349.85
17380;2017-08-02;349.53
17381;2017-08-03;350.07
17382;2017-08-04;350.6
17385;2017-08-07;350.6
17386;2017-08-08;350.45
17387;2017-08-09;349.67
17388;2017-08-10;349.19
17389;2017-08-11;348.19
17392;2017-08-14;349.21
17394;2017-08-16;350.31
17395;2017-08-17;349.82
17396;2017-08-18;349.21
17399;2017-08-21;348.5
17400;2017-08-22;348.95
17401;2017-08-23;348.35
17402;2017-08-24;348.13
17403;2017-08-25;348.2
17406;2017-08-28;347.67
17407;2017-08-29;346.36
17408;2017-08-30;347.13
17409;2017-08-31;347.13
17410;2017-09-01;348.77
17413;2017-09-04;348.44
17414;2017-09-05;348.38
17415;2017-09-06;347.87
17416;2017-09-07;348.13
17417;2017-09-08;348.35
17420;2017-09-11;349.7
17421;2017-09-12;350.58
17422;2017-09-13;350.67
17423;2017-09-14;350.94
17424;2017-09-15;350.57
17427;2017-09-18;350.78
17428;2017-09-19;351.31
17429;2017-09-20;351.16
17430;2017-09-21;351.29
17431;2017-09-22;351.49
17434;2017-09-25;351.85
17435;2017-09-26;351.32
17436;2017-09-27;351.62
17437;2017-09-28;351.82
17438;2017-09-29;352.68
17441;2017-10-02;353.87
17442;2017-10-03;353.61
17443;2017-10-04;353.75
17444;2017-10-05;353.65
17445;2017-10-06;353.73
17448;2017-10-09;353.83
17449;2017-10-10;353.81
17450;2017-10-11;354.06
17451;2017-10-12;354.12
17455;2017-10-16;354.61
17456;2017-10-17;354.64
17457;2017-10-18;355.42
17458;2017-10-19;353.93
17459;2017-10-20;353.84
17462;2017-10-23;353.91
17463;2017-10-24;353.4
17464;2017-10-25;352.53
17465;2017-10-26;353.39
17466;2017-10-27;353.71
17469;2017-10-30;353.6
17470;2017-10-31;354.16
17472;2017-11-02;354.64
17476;2017-11-06;354.42
17477;2017-11-07;353.91
17478;2017-11-08;353.66
17479;2017-11-09;352.55
17480;2017-11-10;352.7
17483;2017-11-13;351.78
17484;2017-11-14;351.92
17485;2017-11-15;351.04
17486;2017-11-16;352.02
17487;2017-11-17;351.88
17490;2017-11-20;352.08
17491;2017-11-21;352.9
17492;2017-11-22;352.71
17493;2017-11-23;352.73
17494;2017-11-24;352.82
17497;2017-11-27;352.81
17498;2017-11-28;353.74
17499;2017-11-29;353.74
17500;2017-11-30;353.87
17501;2017-12-01;353.48
17504;2017-12-04;353.91
17505;2017-12-05;353.58
17506;2017-12-06;352.57
17507;2017-12-07;353.29
17508;2017-12-08;354.03
17511;2017-12-11;354.26
17512;2017-12-12;354.6
17513;2017-12-13;354.22
17514;2017-12-14;353.55
17515;2017-12-15;352.96
17518;2017-12-18;354.25
17519;2017-12-19;354.12
17520;2017-12-20;353.85
17521;2017-12-21;354.16
17522;2017-12-22;353.86
17527;2017-12-27;354.23
17528;2017-12-28;354.57
17529;2017-12-29;354.85
17533;2018-01-02;355.03
17534;2018-01-03;355.86
17535;2018-01-04;357.03
17536;2018-01-05;358.08
17539;2018-01-08;359.03
17540;2018-01-09;359.58
17541;2018-01-10;359.26
17542;2018-01-11;358.73
17543;2018-01-12;359.17
17546;2018-01-15;359.68
17547;2018-01-16;360.95
17548;2018-01-17;361.74
17549;2018-01-18;362.75
17550;2018-01-19;362.91
17553;2018-01-22;363.92
17554;2018-01-23;363.73
17555;2018-01-24;362.81
17556;2018-01-25;362.12
17557;2018-01-26;362.74
17560;2018-01-29;362.87
17561;2018-01-30;361.27
17562;2018-01-31;361.62
17563;2018-02-01;361.35
17564;2018-02-02;359.5
17567;2018-02-05;356.61
17568;2018-02-06;354.21
17569;2018-02-07;356.03
17570;2018-02-08;353
17571;2018-02-09;351.96
17574;2018-02-12;353.42
17575;2018-02-13;353.25
17576;2018-02-14;355.93
17577;2018-02-15;356.69
17578;2018-02-16;357.93
17581;2018-02-19;357.62
17582;2018-02-20;358.31
17583;2018-02-21;357.9
17584;2018-02-22;356.15
17585;2018-02-23;356.03
17588;2018-02-26;356.64
17589;2018-02-27;355.91
17590;2018-02-28;355.24
17591;2018-03-01;353.37
17592;2018-03-02;350.67
17595;2018-03-05;351.35
17596;2018-03-06;352.55
17597;2018-03-07;353.52
17598;2018-03-08;355.31
17599;2018-03-09;355.88
17602;2018-03-12;356.74
17603;2018-03-13;355.51
17604;2018-03-14;355.29
17605;2018-03-15;355.2
17606;2018-03-16;355.04
17609;2018-03-19;354.26
17610;2018-03-20;353.98
17611;2018-03-21;353.61
17612;2018-03-22;350.46
17613;2018-03-23;349.27
17616;2018-03-26;348.78
17617;2018-03-27;349.38
17618;2018-03-28;349.19
17619;2018-03-29;349.86
17624;2018-04-03;348.71
17625;2018-04-04;347.6
17626;2018-04-05;350.34
17627;2018-04-06;350.33
17630;2018-04-09;350.64
17631;2018-04-10;351.18
17632;2018-04-11;350.71
17633;2018-04-12;352
17634;2018-04-13;352.73
17637;2018-04-16;352.8
17638;2018-04-17;354.63
17639;2018-04-18;354.57
17640;2018-04-19;354.6
17641;2018-04-20;354.9
17644;2018-04-23;355.24
17645;2018-04-24;354.48
17646;2018-04-25;353.3
17647;2018-04-26;354.8
17648;2018-04-27;355.4
17651;2018-04-30;355.77
17653;2018-05-02;355.91
17654;2018-05-03;355.68
17655;2018-05-04;356.61
17658;2018-05-07;357.28
17660;2018-05-09;357.5
17662;2018-05-11;358.08
17665;2018-05-14;358.11
17666;2018-05-15;355.96
17667;2018-05-16;356.16
17668;2018-05-17;356.88
17669;2018-05-18;356.77
17673;2018-05-22;358.02
17674;2018-05-23;357.08
17675;2018-05-24;356.73
17676;2018-05-25;356.97
17679;2018-05-28;356.69
17680;2018-05-29;354.48
17681;2018-05-30;354.71
17682;2018-05-31;354.34
17683;2018-06-01;356.08
17686;2018-06-04;357.08
17687;2018-06-05;357.23
17688;2018-06-06;357.05
17689;2018-06-07;357.09
17690;2018-06-08;356.66
17693;2018-06-11;356.66
17694;2018-06-12;357.27
17695;2018-06-13;357.33
17696;2018-06-14;358.61
17697;2018-06-15;358.55
17700;2018-06-18;357.71
17701;2018-06-19;357.36
17702;2018-06-20;357.27
17703;2018-06-21;356.45
17704;2018-06-22;356.83
17707;2018-06-25;355.19
17708;2018-06-26;354.62
17709;2018-06-27;353.5
17710;2018-06-28;352.3
17711;2018-06-29;352.32
17714;2018-07-02;351.24
17715;2018-07-03;351.82
17716;2018-07-04;351.78
17717;2018-07-05;352.72
17718;2018-07-06;352.96
17721;2018-07-09;353.86
17722;2018-07-10;354.35
17723;2018-07-11;352.94
17724;2018-07-12;353.56
17725;2018-07-13;353.87
17728;2018-07-16;353.62
17729;2018-07-17;353.3
17730;2018-07-18;353.64
17731;2018-07-19;353.67
17732;2018-07-20;352.9
17735;2018-07-23;352.58
17736;2018-07-24;353.17
17737;2018-07-25;353.24
17738;2018-07-26;354.31
17739;2018-07-27;354.42
17742;2018-07-30;354.15
17743;2018-07-31;353.79
17744;2018-08-01;353.42
17745;2018-08-02;352.55
17746;2018-08-03;353.43
17749;2018-08-06;353.27
17750;2018-08-07;352.62
17751;2018-08-08;353.06
17752;2018-08-09;352.8
17753;2018-08-10;351.98
17756;2018-08-13;350.64
17757;2018-08-14;349.68
17759;2018-08-16;348.2
17760;2018-08-17;347.28
17763;2018-08-20;347.94
17764;2018-08-21;349.02
17765;2018-08-22;348.62
17766;2018-08-23;348.09
17767;2018-08-24;348.39
17770;2018-08-27;348.99
17771;2018-08-28;348.88
17772;2018-08-29;350.12
17773;2018-08-30;349.98
17774;2018-08-31;349.26
17777;2018-09-03;348.08
17778;2018-09-04;347.69
17779;2018-09-05;345.6
17780;2018-09-06;343.97
17781;2018-09-07;344.08
17784;2018-09-10;344.83
17785;2018-09-11;344.84
17786;2018-09-12;344.96
17787;2018-09-13;345.79
17788;2018-09-14;346.36
17791;2018-09-17;346.48
17792;2018-09-18;347.1
17793;2018-09-19;347.38
17794;2018-09-20;348.52
17795;2018-09-21;348.88
17798;2018-09-24;347.91
17799;2018-09-25;347.41
17800;2018-09-26;347.43
17801;2018-09-27;346.95
17802;2018-09-28;346.08
17805;2018-10-01;346.18
17806;2018-10-02;345.12
17807;2018-10-03;345.52
17808;2018-10-04;344.11
17809;2018-10-05;342.85
17812;2018-10-08;340.08
17813;2018-10-09;339.3
17814;2018-10-10;337.35
17815;2018-10-11;337.18
17816;2018-10-12;337.43
17819;2018-10-15;337.99
17820;2018-10-16;340.94
17821;2018-10-17;340.59
17822;2018-10-18;340.14
17823;2018-10-19;337.98
17826;2018-10-22;336.46
17827;2018-10-23;332.5
17828;2018-10-24;330.43
17829;2018-10-25;330.37
17830;2018-10-26;329.97
17833;2018-10-29;331.44
17834;2018-10-30;331.5
17835;2018-10-31;333.11
17837;2018-11-02;336.13
17840;2018-11-05;334.83
17841;2018-11-06;334.14
17842;2018-11-07;335.64
17843;2018-11-08;335.95
17844;2018-11-09;334.12
17847;2018-11-12;331.58
17848;2018-11-13;332.78
17849;2018-11-14;332.51
17850;2018-11-15;331.19
17851;2018-11-16;330.76
17854;2018-11-19;329.5
17855;2018-11-20;327.02
17856;2018-11-21;328.53
17857;2018-11-22;328.33
17858;2018-11-23;329.21
17861;2018-11-26;331.51
17862;2018-11-27;330.8
17863;2018-11-28;331.61
17864;2018-11-29;332.26
17865;2018-11-30;332.34
17868;2018-12-03;332.86
17869;2018-12-04;330.74
17870;2018-12-05;329.55
17871;2018-12-06;326.2
17872;2018-12-07;325.78
17875;2018-12-10;323.3
17876;2018-12-11;323.59
17877;2018-12-12;325.02
17878;2018-12-13;324.29
17879;2018-12-14;322.82
17882;2018-12-17;321.19
17883;2018-12-18;320.7
17884;2018-12-19;320.22
17885;2018-12-20;318.72
17886;2018-12-21;317.81
17889;2018-12-24;316.87
17892;2018-12-27;315.98
17893;2018-12-28;317.49
17896;2018-12-31;318.68
17898;2019-01-02;317.77
17899;2019-01-03;316.78
17900;2019-01-04;319.11
17903;2019-01-07;320.24
17904;2019-01-08;321.53
17905;2019-01-09;322.68
17906;2019-01-10;322.01
17907;2019-01-11;321.96
17910;2019-01-14;320.71
17911;2019-01-15;320.39
17912;2019-01-16;321.54
17913;2019-01-17;321.91
17914;2019-01-18;323.23
17917;2019-01-21;322.64
17918;2019-01-22;322.51
17919;2019-01-23;322.19
17920;2019-01-24;322.38
17921;2019-01-25;323.87
17924;2019-01-28;322.89
17925;2019-01-29;323.21
17926;2019-01-30;323.72
17927;2019-01-31;324.16
17928;2019-02-01;324.03
17931;2019-02-04;324.21
17932;2019-02-05;325.51
17933;2019-02-06;325.67
17934;2019-02-07;322.33
17935;2019-02-08;321.26
17938;2019-02-11;322.55
17939;2019-02-12;323.33
17940;2019-02-13;324.19
17941;2019-02-14;326.69
17942;2019-02-15;327.54
17945;2019-02-18;329.61
17946;2019-02-19;329.55
17947;2019-02-20;329.64
17948;2019-02-21;329.3
17949;2019-02-22;330.11
17952;2019-02-25;330.65
17953;2019-02-26;329.33
17954;2019-02-27;328.75
17955;2019-02-28;329.5
17956;2019-03-01;330.49
17959;2019-03-04;330.91
17960;2019-03-05;330.35
17961;2019-03-06;329.95
17962;2019-03-07;328.68
17963;2019-03-08;327.49
17966;2019-03-11;328.66
17967;2019-03-12;328.41
17968;2019-03-13;328.12
17969;2019-03-14;328.9
17970;2019-03-15;330.17
17973;2019-03-18;330.65
17974;2019-03-19;330.73
17975;2019-03-20;330.72
17976;2019-03-21;330.23
17977;2019-03-22;328.02
17980;2019-03-25;326.45
17981;2019-03-26;327.87
17982;2019-03-27;328.03
17983;2019-03-28;327.3
17984;2019-03-29;328
17987;2019-04-01;328.97
17988;2019-04-02;329.94
17989;2019-04-03;331.5
17990;2019-04-04;332.06
17991;2019-04-05;331.92
17994;2019-04-08;331.12
17995;2019-04-09;330.01
17996;2019-04-10;330.32
17997;2019-04-11;331.66
17998;2019-04-12;332.84
18001;2019-04-15;333.77
18002;2019-04-16;334.27
18003;2019-04-17;335.1
18004;2019-04-18;334.95
18009;2019-04-23;335.15
18010;2019-04-24;335.24
18011;2019-04-25;334.52
18012;2019-04-26;335.24
18015;2019-04-29;336.3
18016;2019-04-30;336.09
18018;2019-05-02;336.23
18019;2019-05-03;335.81
18022;2019-05-06;334.28
18023;2019-05-07;333.23
18025;2019-05-09;330.85
18026;2019-05-10;331.34
18029;2019-05-13;328.57
18030;2019-05-14;330.08
18031;2019-05-15;330.39
18032;2019-05-16;331.52
18033;2019-05-17;331
18036;2019-05-20;328.91
18037;2019-05-21;329.16
18038;2019-05-22;329.12
18039;2019-05-23;326.54
18040;2019-05-24;327.22
18043;2019-05-27;327.33
18044;2019-05-28;327.67
18045;2019-05-29;326.43
18047;2019-05-31;325.58
18050;2019-06-03;325.22
18051;2019-06-04;326.28
18052;2019-06-05;326.58
18053;2019-06-06;325.96
18054;2019-06-07;327.12
18058;2019-06-11;328.63
18059;2019-06-12;327.51
18060;2019-06-13;328.53
18061;2019-06-14;327.96
18064;2019-06-17;327.46
18065;2019-06-18;329.39
18066;2019-06-19;330.35
18067;2019-06-20;330.47
18068;2019-06-21;330.49
18071;2019-06-24;329.53
18072;2019-06-25;329.27
18073;2019-06-26;329.28
18074;2019-06-27;330.63
18075;2019-06-28;332.07
18079;2019-07-02;332.93
18080;2019-07-03;334.21
18082;2019-07-05;335.15
18085;2019-07-08;334.23
18086;2019-07-09;332.6
18087;2019-07-10;333.12
18088;2019-07-11;332.74
18089;2019-07-12;333.72
18092;2019-07-15;333.58
18093;2019-07-16;334.31
18094;2019-07-17;332.58
18095;2019-07-18;332.04
18096;2019-07-19;332.05
18099;2019-07-22;332.62
18100;2019-07-23;334.53
18101;2019-07-24;335.64
18102;2019-07-25;335.5
18103;2019-07-26;336.97
18106;2019-07-29;336.57
18107;2019-07-30;334.84
18108;2019-07-31;334.43
18109;2019-08-01;335.64
18110;2019-08-02;333.03
18113;2019-08-05;330.64
18114;2019-08-06;330.43
18115;2019-08-07;330.48
18116;2019-08-08;331.9
18117;2019-08-09;330.06
18120;2019-08-12;329.14
18121;2019-08-13;329.77
18122;2019-08-14;327.39
18124;2019-08-16;327.24
18127;2019-08-19;328.85
18128;2019-08-20;328.12
18129;2019-08-21;329.62
18130;2019-08-22;330.18
18131;2019-08-23;330.2
18134;2019-08-26;330.02
18135;2019-08-27;330.44
18136;2019-08-28;330.07
18137;2019-08-29;331.09
18138;2019-08-30;331.8
18141;2019-09-02;331.2
18142;2019-09-03;330.86
18143;2019-09-04;331.95
18144;2019-09-05;333.17
18145;2019-09-06;333.65
18148;2019-09-09;333.74
18149;2019-09-10;333.45
18150;2019-09-11;334.75
18151;2019-09-12;335.76
18152;2019-09-13;336.83
18155;2019-09-16;336.69
18156;2019-09-17;335.55
18157;2019-09-18;335.61
18158;2019-09-19;336.6
18159;2019-09-20;336.6
18162;2019-09-23;335.3
18163;2019-09-24;334.93
18164;2019-09-25;334.58
18165;2019-09-26;334.08
18166;2019-09-27;334.69
18169;2019-09-30;334.95
18170;2019-10-01;333.83
18171;2019-10-02;331.28
18172;2019-10-03;331.06
18173;2019-10-04;331.67
18176;2019-10-07;331.43
18177;2019-10-08;330.06
18178;2019-10-09;329.49
18179;2019-10-10;331.3
18180;2019-10-11;333.85
18183;2019-10-14;333.78
18184;2019-10-15;335.2
18185;2019-10-16;335.11
18186;2019-10-17;335.68
18187;2019-10-18;335.38
18190;2019-10-21;335.94
18191;2019-10-22;335.3
18192;2019-10-23;334.77
18193;2019-10-24;335.31
18194;2019-10-25;335.22
18197;2019-10-28;335.95
18198;2019-10-29;335.86
18199;2019-10-30;335.22
18200;2019-10-31;334.5
18204;2019-11-04;336.85
18205;2019-11-05;337.69
18206;2019-11-06;336.75
18207;2019-11-07;338.05
18208;2019-11-08;338.48
18212;2019-11-12;338.68
18213;2019-11-13;337.83
18214;2019-11-14;337.6
18215;2019-11-15;338.22
18218;2019-11-18;337.48
18219;2019-11-19;337.36
18220;2019-11-20;337.3
18221;2019-11-21;337.22
18222;2019-11-22;338.48
18225;2019-11-25;340
18226;2019-11-26;340.52
18227;2019-11-27;341.12
18228;2019-11-28;341.11
18229;2019-11-29;341.47
18232;2019-12-02;338.97
18233;2019-12-03;337.67
18234;2019-12-04;339.45
18235;2019-12-05;340.2
18236;2019-12-06;341.09
18239;2019-12-09;340.28
18240;2019-12-10;340.38
18241;2019-12-11;340.25
18242;2019-12-12;340.31
18243;2019-12-13;341.51
18246;2019-12-16;344.81
18247;2019-12-17;344
18248;2019-12-18;343.59
18249;2019-12-19;343.9
18250;2019-12-20;345.09
18253;2019-12-23;345.49
18254;2019-12-24;345.46
18257;2019-12-27;346.66
18260;2019-12-30;346.06
18261;2019-12-31;346.7
18263;2020-01-02;348.35
18264;2020-01-03;347.37
18267;2020-01-06;345.57
18268;2020-01-07;346.26
18269;2020-01-08;347.11
18270;2020-01-09;348.56
18271;2020-01-10;347.59
18274;2020-01-13;347.87
18275;2020-01-14;348.57
18276;2020-01-15;348.9
18277;2020-01-16;348.51
18278;2020-01-17;349.86
18281;2020-01-20;350.59
18282;2020-01-21;350.09
18283;2020-01-22;350.54
18284;2020-01-23;351.01
18285;2020-01-24;351.93
18288;2020-01-27;350.06
18289;2020-01-28;352.24
18290;2020-01-29;352.47
18291;2020-01-30;350.67
18292;2020-01-31;348.95
18295;2020-02-03;350.25
18296;2020-02-04;352.81
18297;2020-02-05;353.36
18298;2020-02-06;353.66
18299;2020-02-07;353.14
18302;2020-02-10;353.46
18303;2020-02-11;354.85
18304;2020-02-12;355.94
18305;2020-02-13;356.85
18306;2020-02-14;357.05
18309;2020-02-17;357.75
18310;2020-02-18;357.26
18311;2020-02-19;357.98
18312;2020-02-20;356.88
18313;2020-02-21;356.24
18316;2020-02-24;351.56
18317;2020-02-25;347.76
18318;2020-02-26;346.68
18319;2020-02-27;341.2
18320;2020-02-28;337
18323;2020-03-02;336.95
18324;2020-03-03;337.4
18325;2020-03-04;338.98
18326;2020-03-05;335.16
18327;2020-03-06;328.52
18330;2020-03-09;315.83
18331;2020-03-10;312.69
18332;2020-03-11;308.28
